system,node_name,release,version,machine,processor,physical_cores,total_cores,total_memory,available_memory,pipeline_name,start_time,random_seed,index,node2vec_dimensions,node2vec_walk_length,node2vec_num_walks,node2vec_p,node2vec_q,node2vec_window,node2vec_batch_words,imbalance_ratio,precision_class_0,recall_class_0,f1_score_class_0,support_class_0,precision_class_1,recall_class_1,f1_score_class_1,support_class_1,true_positives,true_negatives,false_positives,false_negatives,AUC,end_time,duration
Linux,nixos,6.1.57,#1-NixOS SMP PREEMPT_DYNAMIC Tue Oct 10 20:00:46 UTC 2023,x86_64,,14,20,67171385344,59773620224,PipelineNames.FirstGCNPipeline,2023_10_17_00_37_07_860623,42,5,16,16,20,0.5,1.0,10,16,226.6,0.9956063268892794,1.0,0.9977983267283135,13596.0,0.0,0.0,0.0,60.0,0,13596,0,60,0.5,2023_10_17_00_43_27_816716,379.956093 total sec (00h 06m 19s)
Linux,nixos,6.1.57,#1-NixOS SMP PREEMPT_DYNAMIC Tue Oct 10 20:00:46 UTC 2023,x86_64,,14,20,67171385344,59774136320,PipelineNames.FirstGCNPipeline,2023_10_17_00_37_07_860619,42,4,16,16,20,0.5,1.0,10,4,226.6,0.9956063268892794,1.0,0.9977983267283135,13596.0,0.0,0.0,0.0,60.0,0,13596,0,60,0.5,2023_10_17_00_43_28_434293,380.573674 total sec (00h 06m 20s)
Linux,nixos,6.1.57,#1-NixOS SMP PREEMPT_DYNAMIC Tue Oct 10 20:00:46 UTC 2023,x86_64,,14,20,67171385344,59774652416,PipelineNames.FirstGCNPipeline,2023_10_17_00_37_07_860413,42,0,16,16,20,0.5,0.5,10,4,226.6,0.9956063268892794,1.0,0.9977983267283135,13596.0,0.0,0.0,0.0,60.0,0,13596,0,60,0.5,2023_10_17_00_43_31_408598,383.548185 total sec (00h 06m 23s)
Linux,nixos,6.1.57,#1-NixOS SMP PREEMPT_DYNAMIC Tue Oct 10 20:00:46 UTC 2023,x86_64,,14,20,67171385344,59774652416,PipelineNames.FirstGCNPipeline,2023_10_17_00_37_07_860412,42,1,16,16,20,0.5,0.5,10,16,226.6,0.9956063268892794,1.0,0.9977983267283135,13596.0,0.0,0.0,0.0,60.0,0,13596,0,60,0.5,2023_10_17_00_43_32_179057,384.318645 total sec (00h 06m 24s)
Linux,nixos,6.1.57,#1-NixOS SMP PREEMPT_DYNAMIC Tue Oct 10 20:00:46 UTC 2023,x86_64,,14,20,67171385344,59772071936,PipelineNames.FirstGCNPipeline,2023_10_17_00_37_07_861704,42,2,16,16,20,0.5,0.5,20,4,226.6,0.9956063268892794,1.0,0.9977983267283135,13596.0,0.0,0.0,0.0,60.0,0,13596,0,60,0.5,2023_10_17_00_44_54_906285,467.044581 total sec (00h 07m 47s)
Linux,nixos,6.1.57,#1-NixOS SMP PREEMPT_DYNAMIC Tue Oct 10 20:00:46 UTC 2023,x86_64,,14,20,67171385344,59774652416,PipelineNames.FirstGCNPipeline,2023_10_17_00_37_07_860572,42,3,16,16,20,0.5,0.5,20,16,226.6,0.9956063268892794,1.0,0.9977983267283135,13596.0,0.0,0.0,0.0,60.0,0,13596,0,60,0.5,2023_10_17_00_44_55_822230,467.961658 total sec (00h 07m 47s)
Linux,nixos,6.1.57,#1-NixOS SMP PREEMPT_DYNAMIC Tue Oct 10 20:00:46 UTC 2023,x86_64,,14,20,67171385344,58947248128,PipelineNames.FirstGCNPipeline,2023_10_17_00_43_31_415478,42,8,16,16,20,0.5,1.5,10,4,226.6,0.9956063268892794,1.0,0.9977983267283135,13596.0,0.0,0.0,0.0,60.0,0,13596,0,60,0.5,2023_10_17_00_49_48_887752,377.472274 total sec (00h 06m 17s)
Linux,nixos,6.1.57,#1-NixOS SMP PREEMPT_DYNAMIC Tue Oct 10 20:00:46 UTC 2023,x86_64,,14,20,67171385344,58961432576,PipelineNames.FirstGCNPipeline,2023_10_17_00_43_32_184761,42,9,16,16,20,0.5,1.5,10,16,226.6,0.9956063268892794,1.0,0.9977983267283135,13596.0,0.0,0.0,0.0,60.0,0,13596,0,60,0.5,2023_10_17_00_49_49_636864,377.452103 total sec (00h 06m 17s)
Linux,nixos,6.1.57,#1-NixOS SMP PREEMPT_DYNAMIC Tue Oct 10 20:00:46 UTC 2023,x86_64,,14,20,67171385344,58954797056,PipelineNames.FirstGCNPipeline,2023_10_17_00_43_27_825709,42,6,16,16,20,0.5,1.0,20,4,226.6,0.9956063268892794,1.0,0.9977983267283135,13596.0,0.0,0.0,0.0,60.0,0,13596,0,60,0.5,2023_10_17_00_51_09_645350,461.819641 total sec (00h 07m 41s)
Linux,nixos,6.1.57,#1-NixOS SMP PREEMPT_DYNAMIC Tue Oct 10 20:00:46 UTC 2023,x86_64,,14,20,67171385344,58932084736,PipelineNames.FirstGCNPipeline,2023_10_17_00_43_28_440281,42,7,16,16,20,0.5,1.0,20,16,226.6,0.9956063268892794,1.0,0.9977983267283135,13596.0,0.0,0.0,0.0,60.0,0,13596,0,60,0.5,2023_10_17_00_51_11_009057,462.568776 total sec (00h 07m 42s)
Linux,nixos,6.1.57,#1-NixOS SMP PREEMPT_DYNAMIC Tue Oct 10 20:00:46 UTC 2023,x86_64,,14,20,67171385344,58910945280,PipelineNames.FirstGCNPipeline,2023_10_17_00_44_55_830439,42,11,16,16,20,0.5,1.5,20,16,226.6,0.9956063268892794,1.0,0.9977983267283135,13596.0,0.0,0.0,0.0,60.0,0,13596,0,60,0.5,2023_10_17_00_52_37_728036,461.897597 total sec (00h 07m 41s)
Linux,nixos,6.1.57,#1-NixOS SMP PREEMPT_DYNAMIC Tue Oct 10 20:00:46 UTC 2023,x86_64,,14,20,67171385344,58906349568,PipelineNames.FirstGCNPipeline,2023_10_17_00_44_54_912295,42,10,16,16,20,0.5,1.5,20,4,226.6,0.9956063268892794,1.0,0.9977983267283135,13596.0,0.0,0.0,0.0,60.0,0,13596,0,60,0.5,2023_10_17_00_52_37_791976,462.879681 total sec (00h 07m 42s)
Linux,nixos,6.1.57,#1-NixOS SMP PREEMPT_DYNAMIC Tue Oct 10 20:00:46 UTC 2023,x86_64,,14,20,67171385344,58744139776,PipelineNames.FirstGCNPipeline,2023_10_17_00_49_49_641139,42,13,16,16,20,1.0,0.5,10,16,226.6,0.9956063268892794,1.0,0.9977983267283135,13596.0,0.0,0.0,0.0,60.0,0,13596,0,60,0.5,2023_10_17_00_56_15_988579,386.34744 total sec (00h 06m 26s)
Linux,nixos,6.1.57,#1-NixOS SMP PREEMPT_DYNAMIC Tue Oct 10 20:00:46 UTC 2023,x86_64,,14,20,67171385344,58736201728,PipelineNames.FirstGCNPipeline,2023_10_17_00_49_48_892094,42,12,16,16,20,1.0,0.5,10,4,226.6,0.9956063268892794,1.0,0.9977983267283135,13596.0,0.0,0.0,0.0,60.0,0,13596,0,60,0.5,2023_10_17_00_56_16_522377,387.630283 total sec (00h 06m 27s)
Linux,nixos,6.1.57,#1-NixOS SMP PREEMPT_DYNAMIC Tue Oct 10 20:00:46 UTC 2023,x86_64,,14,20,67171385344,58672820224,PipelineNames.FirstGCNPipeline,2023_10_17_00_52_37_796017,42,17,16,16,20,1.0,1.0,10,16,226.6,0.9956063268892794,1.0,0.9977983267283135,13596.0,0.0,0.0,0.0,60.0,0,13596,0,60,0.5,2023_10_17_00_58_59_320433,381.524416 total sec (00h 06m 21s)
Linux,nixos,6.1.57,#1-NixOS SMP PREEMPT_DYNAMIC Tue Oct 10 20:00:46 UTC 2023,x86_64,,14,20,67171385344,58736238592,PipelineNames.FirstGCNPipeline,2023_10_17_00_52_37_731651,42,16,16,16,20,1.0,1.0,10,4,226.6,0.9956063268892794,1.0,0.9977983267283135,13596.0,0.0,0.0,0.0,60.0,0,13596,0,60,0.5,2023_10_17_00_59_00_387437,382.655786 total sec (00h 06m 22s)
Linux,nixos,6.1.57,#1-NixOS SMP PREEMPT_DYNAMIC Tue Oct 10 20:00:46 UTC 2023,x86_64,,14,20,67171385344,58727649280,PipelineNames.FirstGCNPipeline,2023_10_17_00_51_09_649702,42,14,16,16,20,1.0,0.5,20,4,226.6,0.9956063268892794,1.0,0.9977983267283135,13596.0,0.0,0.0,0.0,60.0,0,13596,0,60,0.5,2023_10_17_00_59_01_945079,472.295377 total sec (00h 07m 52s)
Linux,nixos,6.1.57,#1-NixOS SMP PREEMPT_DYNAMIC Tue Oct 10 20:00:46 UTC 2023,x86_64,,14,20,67171385344,58722619392,PipelineNames.FirstGCNPipeline,2023_10_17_00_51_11_013603,42,15,16,16,20,1.0,0.5,20,16,226.6,0.9956063268892794,1.0,0.9977983267283135,13596.0,0.0,0.0,0.0,60.0,0,13596,0,60,0.5,2023_10_17_00_59_03_439460,472.425857 total sec (00h 07m 52s)
Linux,nixos,6.1.57,#1-NixOS SMP PREEMPT_DYNAMIC Tue Oct 10 20:00:46 UTC 2023,x86_64,,14,20,67171385344,58741665792,PipelineNames.FirstGCNPipeline,2023_10_17_00_56_15_992900,42,18,16,16,20,1.0,1.0,20,4,226.6,0.9956063268892794,1.0,0.9977983267283135,13596.0,0.0,0.0,0.0,60.0,0,13596,0,60,0.5,2023_10_17_01_04_02_416569,466.423669 total sec (00h 07m 46s)
Linux,nixos,6.1.57,#1-NixOS SMP PREEMPT_DYNAMIC Tue Oct 10 20:00:46 UTC 2023,x86_64,,14,20,67171385344,58751160320,PipelineNames.FirstGCNPipeline,2023_10_17_00_56_16_526737,42,19,16,16,20,1.0,1.0,20,16,226.6,0.9956063268892794,1.0,0.9977983267283135,13596.0,0.0,0.0,0.0,60.0,0,13596,0,60,0.5,2023_10_17_01_04_02_916537,466.3898 total sec (00h 07m 46s)
Linux,nixos,6.1.57,#1-NixOS SMP PREEMPT_DYNAMIC Tue Oct 10 20:00:46 UTC 2023,x86_64,,14,20,67171385344,58716774400,PipelineNames.FirstGCNPipeline,2023_10_17_00_58_59_324604,42,20,16,16,20,1.0,1.5,10,4,226.6,0.9956063268892794,1.0,0.9977983267283135,13596.0,0.0,0.0,0.0,60.0,0,13596,0,60,0.5,2023_10_17_01_05_19_998337,380.673733 total sec (00h 06m 20s)
Linux,nixos,6.1.57,#1-NixOS SMP PREEMPT_DYNAMIC Tue Oct 10 20:00:46 UTC 2023,x86_64,,14,20,67171385344,58704531456,PipelineNames.FirstGCNPipeline,2023_10_17_00_59_00_391317,42,21,16,16,20,1.0,1.5,10,16,226.6,0.9956063268892794,1.0,0.9977983267283135,13596.0,0.0,0.0,0.0,60.0,0,13596,0,60,0.5,2023_10_17_01_05_21_346772,380.955455 total sec (00h 06m 20s)
Linux,nixos,6.1.57,#1-NixOS SMP PREEMPT_DYNAMIC Tue Oct 10 20:00:46 UTC 2023,x86_64,,14,20,67171385344,58670546944,PipelineNames.FirstGCNPipeline,2023_10_17_00_59_01_949538,42,22,16,16,20,1.0,1.5,20,4,226.6,0.9956063268892794,1.0,0.9977983267283135,13596.0,0.0,0.0,0.0,60.0,0,13596,0,60,0.5,2023_10_17_01_06_45_572689,463.623151 total sec (00h 07m 43s)
Linux,nixos,6.1.57,#1-NixOS SMP PREEMPT_DYNAMIC Tue Oct 10 20:00:46 UTC 2023,x86_64,,14,20,67171385344,58644094976,PipelineNames.FirstGCNPipeline,2023_10_17_00_59_03_443793,42,23,16,16,20,1.0,1.5,20,16,226.6,0.9956063268892794,1.0,0.9977983267283135,13596.0,0.0,0.0,0.0,60.0,0,13596,0,60,0.5,2023_10_17_01_06_46_664287,463.220494 total sec (00h 07m 43s)
Linux,nixos,6.1.57,#1-NixOS SMP PREEMPT_DYNAMIC Tue Oct 10 20:00:46 UTC 2023,x86_64,,14,20,67171385344,58570440704,PipelineNames.FirstGCNPipeline,2023_10_17_01_04_02_423460,42,24,16,16,20,1.5,0.5,10,4,226.6,0.9956063268892794,1.0,0.9977983267283135,13596.0,0.0,0.0,0.0,60.0,0,13596,0,60,0.5,2023_10_17_01_10_29_375843,386.952383 total sec (00h 06m 26s)
Linux,nixos,6.1.57,#1-NixOS SMP PREEMPT_DYNAMIC Tue Oct 10 20:00:46 UTC 2023,x86_64,,14,20,67171385344,58596110336,PipelineNames.FirstGCNPipeline,2023_10_17_01_04_02_922605,42,25,16,16,20,1.5,0.5,10,16,226.6,0.9956063268892794,1.0,0.9977983267283135,13596.0,0.0,0.0,0.0,60.0,0,13596,0,60,0.5,2023_10_17_01_10_30_135852,387.213247 total sec (00h 06m 27s)
Linux,nixos,6.1.57,#1-NixOS SMP PREEMPT_DYNAMIC Tue Oct 10 20:00:46 UTC 2023,x86_64,,14,20,67171385344,58601324544,PipelineNames.FirstGCNPipeline,2023_10_17_01_06_45_577186,42,28,16,16,20,1.5,1.0,10,4,226.6,0.9956063268892794,1.0,0.9977983267283135,13596.0,0.0,0.0,0.0,60.0,0,13596,0,60,0.5,2023_10_17_01_13_09_732750,384.155564 total sec (00h 06m 24s)
Linux,nixos,6.1.57,#1-NixOS SMP PREEMPT_DYNAMIC Tue Oct 10 20:00:46 UTC 2023,x86_64,,14,20,67171385344,58630238208,PipelineNames.FirstGCNPipeline,2023_10_17_01_06_46_668235,42,29,16,16,20,1.5,1.0,10,16,226.6,0.9956063268892794,1.0,0.9977983267283135,13596.0,0.0,0.0,0.0,60.0,0,13596,0,60,0.5,2023_10_17_01_13_10_506332,383.838097 total sec (00h 06m 23s)
Linux,nixos,6.1.57,#1-NixOS SMP PREEMPT_DYNAMIC Tue Oct 10 20:00:46 UTC 2023,x86_64,,14,20,67171385344,58596880384,PipelineNames.FirstGCNPipeline,2023_10_17_01_05_20_002967,42,26,16,16,20,1.5,0.5,20,4,226.6,0.9956063268892794,1.0,0.9977983267283135,13596.0,0.0,0.0,0.0,60.0,0,13596,0,60,0.5,2023_10_17_01_13_13_837850,473.834883 total sec (00h 07m 53s)
Linux,nixos,6.1.57,#1-NixOS SMP PREEMPT_DYNAMIC Tue Oct 10 20:00:46 UTC 2023,x86_64,,14,20,67171385344,58610724864,PipelineNames.FirstGCNPipeline,2023_10_17_01_05_21_351306,42,27,16,16,20,1.5,0.5,20,16,226.6,0.9956063268892794,1.0,0.9977983267283135,13596.0,0.0,0.0,0.0,60.0,0,13596,0,60,0.5,2023_10_17_01_13_14_956232,473.604926 total sec (00h 07m 53s)
Linux,nixos,6.1.57,#1-NixOS SMP PREEMPT_DYNAMIC Tue Oct 10 20:00:46 UTC 2023,x86_64,,14,20,67171385344,58620862464,PipelineNames.FirstGCNPipeline,2023_10_17_01_10_29_379953,42,30,16,16,20,1.5,1.0,20,4,226.6,0.9956063268892794,1.0,0.9977983267283135,13596.0,0.0,0.0,0.0,60.0,0,13596,0,60,0.5,2023_10_17_01_18_16_886946,467.506993 total sec (00h 07m 47s)
Linux,nixos,6.1.57,#1-NixOS SMP PREEMPT_DYNAMIC Tue Oct 10 20:00:46 UTC 2023,x86_64,,14,20,67171385344,58625064960,PipelineNames.FirstGCNPipeline,2023_10_17_01_10_30_139769,42,31,16,16,20,1.5,1.0,20,16,226.6,0.9956063268892794,1.0,0.9977983267283135,13596.0,0.0,0.0,0.0,60.0,0,13596,0,60,0.5,2023_10_17_01_18_18_044622,467.904853 total sec (00h 07m 47s)
Linux,nixos,6.1.57,#1-NixOS SMP PREEMPT_DYNAMIC Tue Oct 10 20:00:46 UTC 2023,x86_64,,14,20,67171385344,58587291648,PipelineNames.FirstGCNPipeline,2023_10_17_01_13_09_746474,42,32,16,16,20,1.5,1.5,10,4,226.6,0.9956063268892794,1.0,0.9977983267283135,13596.0,0.0,0.0,0.0,60.0,0,13596,0,60,0.5,2023_10_17_01_19_31_840182,382.093708 total sec (00h 06m 22s)
Linux,nixos,6.1.57,#1-NixOS SMP PREEMPT_DYNAMIC Tue Oct 10 20:00:46 UTC 2023,x86_64,,14,20,67171385344,58597457920,PipelineNames.FirstGCNPipeline,2023_10_17_01_13_10_510287,42,33,16,16,20,1.5,1.5,10,16,226.6,0.9956063268892794,1.0,0.9977983267283135,13596.0,0.0,0.0,0.0,60.0,0,13596,0,60,0.5,2023_10_17_01_19_32_282273,381.771986 total sec (00h 06m 21s)
Linux,nixos,6.1.57,#1-NixOS SMP PREEMPT_DYNAMIC Tue Oct 10 20:00:46 UTC 2023,x86_64,,14,20,67171385344,58568515584,PipelineNames.FirstGCNPipeline,2023_10_17_01_13_13_841929,42,34,16,16,20,1.5,1.5,20,4,226.6,0.9956063268892794,1.0,0.9977983267283135,13596.0,0.0,0.0,0.0,60.0,0,13596,0,60,0.5,2023_10_17_01_20_59_237612,465.395683 total sec (00h 07m 45s)
Linux,nixos,6.1.57,#1-NixOS SMP PREEMPT_DYNAMIC Tue Oct 10 20:00:46 UTC 2023,x86_64,,14,20,67171385344,58568548352,PipelineNames.FirstGCNPipeline,2023_10_17_01_13_14_962534,42,35,16,16,20,1.5,1.5,20,16,226.6,0.9956063268892794,1.0,0.9977983267283135,13596.0,0.0,0.0,0.0,60.0,0,13596,0,60,0.5,2023_10_17_01_21_00_255803,465.293269 total sec (00h 07m 45s)
Linux,nixos,6.1.57,#1-NixOS SMP PREEMPT_DYNAMIC Tue Oct 10 20:00:46 UTC 2023,x86_64,,14,20,67171385344,58550931456,PipelineNames.FirstGCNPipeline,2023_10_17_01_18_16_891003,42,36,16,16,50,0.5,0.5,10,4,226.6,0.9956063268892794,1.0,0.9977983267283135,13596.0,0.0,0.0,0.0,60.0,0,13596,0,60,0.5,2023_10_17_01_33_53_062929,936.171926 total sec (00h 15m 36s)
Linux,nixos,6.1.57,#1-NixOS SMP PREEMPT_DYNAMIC Tue Oct 10 20:00:46 UTC 2023,x86_64,,14,20,67171385344,58562236416,PipelineNames.FirstGCNPipeline,2023_10_17_01_18_18_048753,42,37,16,16,50,0.5,0.5,10,16,226.6,0.9956063268892794,1.0,0.9977983267283135,13596.0,0.0,0.0,0.0,60.0,0,13596,0,60,0.5,2023_10_17_01_33_55_540448,937.491695 total sec (00h 15m 37s)
Linux,nixos,6.1.57,#1-NixOS SMP PREEMPT_DYNAMIC Tue Oct 10 20:00:46 UTC 2023,x86_64,,14,20,67171385344,58569990144,PipelineNames.FirstGCNPipeline,2023_10_17_01_21_00_259830,42,41,16,16,50,0.5,1.0,10,16,226.6,0.9968235207209869,0.9924977934686673,0.994655954004349,13596.0,0.14285714285714285,0.2833333333333333,0.18994413407821228,60.0,17,13494,102,43,0.6379155634010003,2023_10_17_01_36_26_074508,925.814678 total sec (00h 15m 25s)
Linux,nixos,6.1.57,#1-NixOS SMP PREEMPT_DYNAMIC Tue Oct 10 20:00:46 UTC 2023,x86_64,,14,20,67171385344,58568728576,PipelineNames.FirstGCNPipeline,2023_10_17_01_20_59_241773,42,40,16,16,50,0.5,1.0,10,4,226.6,0.9956063268892794,1.0,0.9977983267283135,13596.0,0.0,0.0,0.0,60.0,0,13596,0,60,0.5,2023_10_17_01_36_26_752817,927.511044 total sec (00h 15m 27s)
Linux,nixos,6.1.57,#1-NixOS SMP PREEMPT_DYNAMIC Tue Oct 10 20:00:46 UTC 2023,x86_64,,14,20,67171385344,58565496832,PipelineNames.FirstGCNPipeline,2023_10_17_01_19_31_844462,42,38,16,16,50,0.5,0.5,20,4,226.6,0.9956063268892794,1.0,0.9977983267283135,13596.0,0.0,0.0,0.0,60.0,0,13596,0,60,0.5,2023_10_17_01_38_37_097426,1145.252964 total sec (00h 19m 05s)
Linux,nixos,6.1.57,#1-NixOS SMP PREEMPT_DYNAMIC Tue Oct 10 20:00:46 UTC 2023,x86_64,,14,20,67171385344,58583277568,PipelineNames.FirstGCNPipeline,2023_10_17_01_19_32_286216,42,39,16,16,50,0.5,0.5,20,16,226.6,0.996647545258139,0.9839658723153869,0.9902661090343833,13596.0,0.06437768240343347,0.25,0.10238907849829353,60.0,15,13378,218,45,0.6169829361576935,2023_10_17_01_38_37_599677,1145.313461 total sec (00h 19m 05s)
Linux,nixos,6.1.57,#1-NixOS SMP PREEMPT_DYNAMIC Tue Oct 10 20:00:46 UTC 2023,x86_64,,14,20,67171385344,58570891264,PipelineNames.FirstGCNPipeline,2023_10_17_01_36_26_758830,42,45,16,16,50,0.5,1.5,10,16,226.6,0.9956063268892794,1.0,0.9977983267283135,13596.0,0.0,0.0,0.0,60.0,0,13596,0,60,0.5,2023_10_17_01_51_49_289672,922.530842 total sec (00h 15m 22s)
Linux,nixos,6.1.57,#1-NixOS SMP PREEMPT_DYNAMIC Tue Oct 10 20:00:46 UTC 2023,x86_64,,14,20,67171385344,58570838016,PipelineNames.FirstGCNPipeline,2023_10_17_01_36_26_078584,42,44,16,16,50,0.5,1.5,10,4,226.6,0.9956063268892794,1.0,0.9977983267283135,13596.0,0.0,0.0,0.0,60.0,0,13596,0,60,0.5,2023_10_17_01_51_49_365108,923.286524 total sec (00h 15m 23s)
Linux,nixos,6.1.57,#1-NixOS SMP PREEMPT_DYNAMIC Tue Oct 10 20:00:46 UTC 2023,x86_64,,14,20,67171385344,58556276736,PipelineNames.FirstGCNPipeline,2023_10_17_01_33_53_067135,42,42,16,16,50,0.5,1.0,20,4,226.6,0.9979611870422109,0.9720506031185643,0.9848355005775178,13596.0,0.07990314769975787,0.55,0.13953488372093023,60.0,33,13216,380,27,0.7610253015592822,2023_10_17_01_52_44_065922,1130.998787 total sec (00h 18m 50s)
Linux,nixos,6.1.57,#1-NixOS SMP PREEMPT_DYNAMIC Tue Oct 10 20:00:46 UTC 2023,x86_64,,14,20,67171385344,58578546688,PipelineNames.FirstGCNPipeline,2023_10_17_01_33_55_544903,42,43,16,16,50,0.5,1.0,20,16,226.6,0.9965130944432079,0.9879376287143278,0.9922068328716528,13596.0,0.07344632768361582,0.21666666666666667,0.10970464135021098,60.0,13,13432,164,47,0.6023021476904973,2023_10_17_01_52_44_898310,1129.353407 total sec (00h 18m 49s)
Linux,nixos,6.1.57,#1-NixOS SMP PREEMPT_DYNAMIC Tue Oct 10 20:00:46 UTC 2023,x86_64,,14,20,67171385344,58539573248,PipelineNames.FirstGCNPipeline,2023_10_17_01_38_37_101992,42,46,16,16,50,0.5,1.5,20,4,226.6,0.9956063268892794,1.0,0.9977983267283135,13596.0,0.0,0.0,0.0,60.0,0,13596,0,60,0.5,2023_10_17_01_57_26_151961,1129.049969 total sec (00h 18m 49s)
Linux,nixos,6.1.57,#1-NixOS SMP PREEMPT_DYNAMIC Tue Oct 10 20:00:46 UTC 2023,x86_64,,14,20,67171385344,58557845504,PipelineNames.FirstGCNPipeline,2023_10_17_01_38_37_603922,42,47,16,16,50,0.5,1.5,20,16,226.6,0.9956063268892794,1.0,0.9977983267283135,13596.0,0.0,0.0,0.0,60.0,0,13596,0,60,0.5,2023_10_17_01_57_26_511898,1128.907976 total sec (00h 18m 48s)
Linux,nixos,6.1.57,#1-NixOS SMP PREEMPT_DYNAMIC Tue Oct 10 20:00:46 UTC 2023,x86_64,,14,20,67171385344,58521739264,PipelineNames.FirstGCNPipeline,2023_10_17_01_51_49_295756,42,48,16,16,50,1.0,0.5,10,4,226.6,0.9956063268892794,1.0,0.9977983267283135,13596.0,0.0,0.0,0.0,60.0,0,13596,0,60,0.5,2023_10_17_02_07_34_527692,945.231936 total sec (00h 15m 45s)
Linux,nixos,6.1.57,#1-NixOS SMP PREEMPT_DYNAMIC Tue Oct 10 20:00:46 UTC 2023,x86_64,,14,20,67171385344,58469113856,PipelineNames.FirstGCNPipeline,2023_10_17_01_51_49_369291,42,49,16,16,50,1.0,0.5,10,16,226.6,0.9956063268892794,1.0,0.9977983267283135,13596.0,0.0,0.0,0.0,60.0,0,13596,0,60,0.5,2023_10_17_02_07_36_713679,947.344388 total sec (00h 15m 47s)
Linux,nixos,6.1.57,#1-NixOS SMP PREEMPT_DYNAMIC Tue Oct 10 20:00:46 UTC 2023,x86_64,,14,20,67171385344,58542931968,PipelineNames.FirstGCNPipeline,2023_10_17_01_52_44_070232,42,50,16,16,50,1.0,0.5,20,4,226.6,0.9956063268892794,1.0,0.9977983267283135,13596.0,0.0,0.0,0.0,60.0,0,13596,0,60,0.5,2023_10_17_02_12_01_842167,1157.771935 total sec (00h 19m 17s)
Linux,nixos,6.1.57,#1-NixOS SMP PREEMPT_DYNAMIC Tue Oct 10 20:00:46 UTC 2023,x86_64,,14,20,67171385344,58536628224,PipelineNames.FirstGCNPipeline,2023_10_17_01_52_44_902710,42,51,16,16,50,1.0,0.5,20,16,226.6,0.9956063268892794,1.0,0.9977983267283135,13596.0,0.0,0.0,0.0,60.0,0,13596,0,60,0.5,2023_10_17_02_12_03_246019,1158.343309 total sec (00h 19m 18s)
Linux,nixos,6.1.57,#1-NixOS SMP PREEMPT_DYNAMIC Tue Oct 10 20:00:46 UTC 2023,x86_64,,14,20,67171385344,58517524480,PipelineNames.FirstGCNPipeline,2023_10_17_01_57_26_157186,42,52,16,16,50,1.0,1.0,10,4,226.6,0.9956063268892794,1.0,0.9977983267283135,13596.0,0.0,0.0,0.0,60.0,0,13596,0,60,0.5,2023_10_17_02_13_02_060184,935.902998 total sec (00h 15m 35s)
Linux,nixos,6.1.57,#1-NixOS SMP PREEMPT_DYNAMIC Tue Oct 10 20:00:46 UTC 2023,x86_64,,14,20,67171385344,58159923200,PipelineNames.FirstGCNPipeline,2023_10_17_01_57_26_516368,42,53,16,16,50,1.0,1.0,10,16,226.6,0.9956063268892794,1.0,0.9977983267283135,13596.0,0.0,0.0,0.0,60.0,0,13596,0,60,0.5,2023_10_17_02_13_03_465830,936.949462 total sec (00h 15m 36s)
Linux,nixos,6.1.57,#1-NixOS SMP PREEMPT_DYNAMIC Tue Oct 10 20:00:46 UTC 2023,x86_64,,14,20,67171385344,58509836288,PipelineNames.FirstGCNPipeline,2023_10_17_02_07_34_531798,42,54,16,16,50,1.0,1.0,20,4,226.6,0.9956063268892794,1.0,0.9977983267283135,13596.0,0.0,0.0,0.0,60.0,0,13596,0,60,0.5,2023_10_17_02_26_34_045274,1139.513476 total sec (00h 18m 59s)
Linux,nixos,6.1.57,#1-NixOS SMP PREEMPT_DYNAMIC Tue Oct 10 20:00:46 UTC 2023,x86_64,,14,20,67171385344,58523443200,PipelineNames.FirstGCNPipeline,2023_10_17_02_07_36_717620,42,55,16,16,50,1.0,1.0,20,16,226.6,0.9956063268892794,1.0,0.9977983267283135,13596.0,0.0,0.0,0.0,60.0,0,13596,0,60,0.5,2023_10_17_02_26_36_372764,1139.655144 total sec (00h 18m 59s)
Linux,nixos,6.1.57,#1-NixOS SMP PREEMPT_DYNAMIC Tue Oct 10 20:00:46 UTC 2023,x86_64,,14,20,67171385344,58500751360,PipelineNames.FirstGCNPipeline,2023_10_17_02_12_01_846456,42,56,16,16,50,1.0,1.5,10,4,226.6,0.9956063268892794,1.0,0.9977983267283135,13596.0,0.0,0.0,0.0,60.0,0,13596,0,60,0.5,2023_10_17_02_27_28_758581,926.912125 total sec (00h 15m 26s)
Linux,nixos,6.1.57,#1-NixOS SMP PREEMPT_DYNAMIC Tue Oct 10 20:00:46 UTC 2023,x86_64,,14,20,67171385344,58511392768,PipelineNames.FirstGCNPipeline,2023_10_17_02_12_03_250374,42,57,16,16,50,1.0,1.5,10,16,226.6,0.9956063268892794,1.0,0.9977983267283135,13596.0,0.0,0.0,0.0,60.0,0,13596,0,60,0.5,2023_10_17_02_27_32_522772,929.272398 total sec (00h 15m 29s)
Linux,nixos,6.1.57,#1-NixOS SMP PREEMPT_DYNAMIC Tue Oct 10 20:00:46 UTC 2023,x86_64,,14,20,67171385344,58499907584,PipelineNames.FirstGCNPipeline,2023_10_17_02_13_02_064597,42,58,16,16,50,1.0,1.5,20,4,226.6,0.9956063268892794,1.0,0.9977983267283135,13596.0,0.0,0.0,0.0,60.0,0,13596,0,60,0.5,2023_10_17_02_31_56_089519,1134.024922 total sec (00h 18m 54s)
Linux,nixos,6.1.57,#1-NixOS SMP PREEMPT_DYNAMIC Tue Oct 10 20:00:46 UTC 2023,x86_64,,14,20,67171385344,58502012928,PipelineNames.FirstGCNPipeline,2023_10_17_02_13_03_469764,42,59,16,16,50,1.0,1.5,20,16,226.6,0.9956063268892794,1.0,0.9977983267283135,13596.0,0.0,0.0,0.0,60.0,0,13596,0,60,0.5,2023_10_17_02_31_58_294112,1134.824348 total sec (00h 18m 54s)
Linux,nixos,6.1.57,#1-NixOS SMP PREEMPT_DYNAMIC Tue Oct 10 20:00:46 UTC 2023,x86_64,,14,20,67171385344,58410618880,PipelineNames.FirstGCNPipeline,2023_10_17_02_26_34_051064,42,60,16,16,50,1.5,0.5,10,4,226.6,0.9956063268892794,1.0,0.9977983267283135,13596.0,0.0,0.0,0.0,60.0,0,13596,0,60,0.5,2023_10_17_02_42_21_801745,947.750681 total sec (00h 15m 47s)
Linux,nixos,6.1.57,#1-NixOS SMP PREEMPT_DYNAMIC Tue Oct 10 20:00:46 UTC 2023,x86_64,,14,20,67171385344,58427514880,PipelineNames.FirstGCNPipeline,2023_10_17_02_26_36_377184,42,61,16,16,50,1.5,0.5,10,16,226.6,0.9956063268892794,1.0,0.9977983267283135,13596.0,0.0,0.0,0.0,60.0,0,13596,0,60,0.5,2023_10_17_02_42_24_203169,947.825985 total sec (00h 15m 47s)
Linux,nixos,6.1.57,#1-NixOS SMP PREEMPT_DYNAMIC Tue Oct 10 20:00:46 UTC 2023,x86_64,,14,20,67171385344,58430558208,PipelineNames.FirstGCNPipeline,2023_10_17_02_27_28_762928,42,62,16,16,50,1.5,0.5,20,4,226.6,0.9956063268892794,1.0,0.9977983267283135,13596.0,0.0,0.0,0.0,60.0,0,13596,0,60,0.5,2023_10_17_02_46_50_234305,1161.471377 total sec (00h 19m 21s)
Linux,nixos,6.1.57,#1-NixOS SMP PREEMPT_DYNAMIC Tue Oct 10 20:00:46 UTC 2023,x86_64,,14,20,67171385344,58435362816,PipelineNames.FirstGCNPipeline,2023_10_17_02_27_32_526983,42,63,16,16,50,1.5,0.5,20,16,226.6,0.9956063268892794,1.0,0.9977983267283135,13596.0,0.0,0.0,0.0,60.0,0,13596,0,60,0.5,2023_10_17_02_46_55_507370,1162.980387 total sec (00h 19m 22s)
Linux,nixos,6.1.57,#1-NixOS SMP PREEMPT_DYNAMIC Tue Oct 10 20:00:46 UTC 2023,x86_64,,14,20,67171385344,58435686400,PipelineNames.FirstGCNPipeline,2023_10_17_02_31_56_093818,42,64,16,16,50,1.5,1.0,10,4,226.6,0.9956063268892794,1.0,0.9977983267283135,13596.0,0.0,0.0,0.0,60.0,0,13596,0,60,0.5,2023_10_17_02_47_37_597143,941.503325 total sec (00h 15m 41s)
Linux,nixos,6.1.57,#1-NixOS SMP PREEMPT_DYNAMIC Tue Oct 10 20:00:46 UTC 2023,x86_64,,14,20,67171385344,58441842688,PipelineNames.FirstGCNPipeline,2023_10_17_02_31_58_298378,42,65,16,16,50,1.5,1.0,10,16,226.6,0.9956063268892794,1.0,0.9977983267283135,13596.0,0.0,0.0,0.0,60.0,0,13596,0,60,0.5,2023_10_17_02_47_38_628481,940.330103 total sec (00h 15m 40s)
Linux,nixos,6.1.57,#1-NixOS SMP PREEMPT_DYNAMIC Tue Oct 10 20:00:46 UTC 2023,x86_64,,14,20,67171385344,58407026688,PipelineNames.FirstGCNPipeline,2023_10_17_02_42_21_806116,42,66,16,16,50,1.5,1.0,20,4,226.6,0.9956063268892794,1.0,0.9977983267283135,13596.0,0.0,0.0,0.0,60.0,0,13596,0,60,0.5,2023_10_17_03_01_26_766931,1144.960815 total sec (00h 19m 04s)
Linux,nixos,6.1.57,#1-NixOS SMP PREEMPT_DYNAMIC Tue Oct 10 20:00:46 UTC 2023,x86_64,,14,20,67171385344,58416410624,PipelineNames.FirstGCNPipeline,2023_10_17_02_42_24_209562,42,67,16,16,50,1.5,1.0,20,16,226.6,0.9956063268892794,1.0,0.9977983267283135,13596.0,0.0,0.0,0.0,60.0,0,13596,0,60,0.5,2023_10_17_03_01_28_885937,1144.676375 total sec (00h 19m 04s)
Linux,nixos,6.1.57,#1-NixOS SMP PREEMPT_DYNAMIC Tue Oct 10 20:00:46 UTC 2023,x86_64,,14,20,67171385344,58419130368,PipelineNames.FirstGCNPipeline,2023_10_17_02_46_50_238255,42,68,16,16,50,1.5,1.5,10,4,226.6,0.9956063268892794,1.0,0.9977983267283135,13596.0,0.0,0.0,0.0,60.0,0,13596,0,60,0.5,2023_10_17_03_02_20_403498,930.165243 total sec (00h 15m 30s)
Linux,nixos,6.1.57,#1-NixOS SMP PREEMPT_DYNAMIC Tue Oct 10 20:00:46 UTC 2023,x86_64,,14,20,67171385344,58413740032,PipelineNames.FirstGCNPipeline,2023_10_17_02_46_55_511510,42,69,16,16,50,1.5,1.5,10,16,226.6,0.9956063268892794,1.0,0.9977983267283135,13596.0,0.0,0.0,0.0,60.0,0,13596,0,60,0.5,2023_10_17_03_02_25_754407,930.242897 total sec (00h 15m 30s)
Linux,nixos,6.1.57,#1-NixOS SMP PREEMPT_DYNAMIC Tue Oct 10 20:00:46 UTC 2023,x86_64,,14,20,67171385344,58430627840,PipelineNames.FirstGCNPipeline,2023_10_17_02_47_38_632894,42,71,16,16,50,1.5,1.5,20,16,226.6,0.9956063268892794,1.0,0.9977983267283135,13596.0,0.0,0.0,0.0,60.0,0,13596,0,60,0.5,2023_10_17_03_06_30_538556,1131.905662 total sec (00h 18m 51s)
Linux,nixos,6.1.57,#1-NixOS SMP PREEMPT_DYNAMIC Tue Oct 10 20:00:46 UTC 2023,x86_64,,14,20,67171385344,58419523584,PipelineNames.FirstGCNPipeline,2023_10_17_02_47_37_601267,42,70,16,16,50,1.5,1.5,20,4,226.6,0.9956063268892794,1.0,0.9977983267283135,13596.0,0.0,0.0,0.0,60.0,0,13596,0,60,0.5,2023_10_17_03_06_31_158133,1133.556866 total sec (00h 18m 53s)
Linux,nixos,6.1.57,#1-NixOS SMP PREEMPT_DYNAMIC Tue Oct 10 20:00:46 UTC 2023,x86_64,,14,20,67171385344,58405826560,PipelineNames.FirstGCNPipeline,2023_10_17_03_01_26_771105,42,72,16,64,20,0.5,0.5,10,4,226.6,0.9956063268892794,1.0,0.9977983267283135,13596.0,0.0,0.0,0.0,60.0,0,13596,0,60,0.5,2023_10_17_03_25_11_271295,1424.50019 total sec (00h 23m 44s)
Linux,nixos,6.1.57,#1-NixOS SMP PREEMPT_DYNAMIC Tue Oct 10 20:00:46 UTC 2023,x86_64,,14,20,67171385344,58394484736,PipelineNames.FirstGCNPipeline,2023_10_17_03_01_28_889814,42,73,16,64,20,0.5,0.5,10,16,226.6,0.9956063268892794,1.0,0.9977983267283135,13596.0,0.0,0.0,0.0,60.0,0,13596,0,60,0.5,2023_10_17_03_25_13_002237,1424.112423 total sec (00h 23m 44s)
Linux,nixos,6.1.57,#1-NixOS SMP PREEMPT_DYNAMIC Tue Oct 10 20:00:46 UTC 2023,x86_64,,14,20,67171385344,58414997504,PipelineNames.FirstGCNPipeline,2023_10_17_03_06_31_161997,42,77,16,64,20,0.5,1.0,10,16,226.6,0.9956063268892794,1.0,0.9977983267283135,13596.0,0.0,0.0,0.0,60.0,0,13596,0,60,0.5,2023_10_17_03_29_49_091623,1397.929626 total sec (00h 23m 17s)
Linux,nixos,6.1.57,#1-NixOS SMP PREEMPT_DYNAMIC Tue Oct 10 20:00:46 UTC 2023,x86_64,,14,20,67171385344,58405572608,PipelineNames.FirstGCNPipeline,2023_10_17_03_06_30_543682,42,76,16,64,20,0.5,1.0,10,4,226.6,0.9956063268892794,1.0,0.9977983267283135,13596.0,0.0,0.0,0.0,60.0,0,13596,0,60,0.5,2023_10_17_03_29_52_738500,1402.194818 total sec (00h 23m 22s)
Linux,nixos,6.1.57,#1-NixOS SMP PREEMPT_DYNAMIC Tue Oct 10 20:00:46 UTC 2023,x86_64,,14,20,67171385344,58398191616,PipelineNames.FirstGCNPipeline,2023_10_17_03_02_20_407646,42,74,16,64,20,0.5,0.5,20,4,226.6,0.9956063268892794,1.0,0.9977983267283135,13596.0,0.0,0.0,0.0,60.0,0,13596,0,60,0.5,2023_10_17_03_41_25_194566,2344.78692 total sec (00h 39m 04s)
Linux,nixos,6.1.57,#1-NixOS SMP PREEMPT_DYNAMIC Tue Oct 10 20:00:46 UTC 2023,x86_64,,14,20,67171385344,58393190400,PipelineNames.FirstGCNPipeline,2023_10_17_03_02_25_758688,42,75,16,64,20,0.5,0.5,20,16,226.6,0.9956063268892794,1.0,0.9977983267283135,13596.0,0.0,0.0,0.0,60.0,0,13596,0,60,0.5,2023_10_17_03_41_29_415871,2343.657183 total sec (00h 39m 03s)
Linux,nixos,6.1.57,#1-NixOS SMP PREEMPT_DYNAMIC Tue Oct 10 20:00:46 UTC 2023,x86_64,,14,20,67171385344,58416898048,PipelineNames.FirstGCNPipeline,2023_10_17_03_29_49_095699,42,80,16,64,20,0.5,1.5,10,4,226.6,0.9956063268892794,1.0,0.9977983267283135,13596.0,0.0,0.0,0.0,60.0,0,13596,0,60,0.5,2023_10_17_03_52_50_622270,1381.526571 total sec (00h 23m 01s)
Linux,nixos,6.1.57,#1-NixOS SMP PREEMPT_DYNAMIC Tue Oct 10 20:00:46 UTC 2023,x86_64,,14,20,67171385344,58433875968,PipelineNames.FirstGCNPipeline,2023_10_17_03_29_52_742555,42,81,16,64,20,0.5,1.5,10,16,226.6,0.9956063268892794,1.0,0.9977983267283135,13596.0,0.0,0.0,0.0,60.0,0,13596,0,60,0.5,2023_10_17_03_52_54_423598,1381.681043 total sec (00h 23m 01s)
Linux,nixos,6.1.57,#1-NixOS SMP PREEMPT_DYNAMIC Tue Oct 10 20:00:46 UTC 2023,x86_64,,14,20,67171385344,58424061952,PipelineNames.FirstGCNPipeline,2023_10_17_03_25_11_275489,42,78,16,64,20,0.5,1.0,20,4,226.6,0.9956063268892794,1.0,0.9977983267283135,13596.0,0.0,0.0,0.0,60.0,0,13596,0,60,0.5,2023_10_17_04_03_22_500241,2291.224752 total sec (00h 38m 11s)
Linux,nixos,6.1.57,#1-NixOS SMP PREEMPT_DYNAMIC Tue Oct 10 20:00:46 UTC 2023,x86_64,,14,20,67171385344,58432372736,PipelineNames.FirstGCNPipeline,2023_10_17_03_25_13_006757,42,79,16,64,20,0.5,1.0,20,16,226.6,0.9956063268892794,1.0,0.9977983267283135,13596.0,0.0,0.0,0.0,60.0,0,13596,0,60,0.5,2023_10_17_04_03_23_300144,2290.293387 total sec (00h 38m 10s)
Linux,nixos,6.1.57,#1-NixOS SMP PREEMPT_DYNAMIC Tue Oct 10 20:00:46 UTC 2023,x86_64,,14,20,67171385344,58404704256,PipelineNames.FirstGCNPipeline,2023_10_17_03_52_50_626302,42,84,16,64,20,1.0,0.5,10,4,226.6,0.9956063268892794,1.0,0.9977983267283135,13596.0,0.0,0.0,0.0,60.0,0,13596,0,60,0.5,2023_10_17_04_16_45_323121,1434.696819 total sec (00h 23m 54s)
Linux,nixos,6.1.57,#1-NixOS SMP PREEMPT_DYNAMIC Tue Oct 10 20:00:46 UTC 2023,x86_64,,14,20,67171385344,58413895680,PipelineNames.FirstGCNPipeline,2023_10_17_03_52_54_427737,42,85,16,64,20,1.0,0.5,10,16,226.6,0.9956063268892794,1.0,0.9977983267283135,13596.0,0.0,0.0,0.0,60.0,0,13596,0,60,0.5,2023_10_17_04_16_50_163328,1435.735591 total sec (00h 23m 55s)
Linux,nixos,6.1.57,#1-NixOS SMP PREEMPT_DYNAMIC Tue Oct 10 20:00:46 UTC 2023,x86_64,,14,20,67171385344,58416738304,PipelineNames.FirstGCNPipeline,2023_10_17_03_41_25_198671,42,82,16,64,20,0.5,1.5,20,4,226.6,0.9956063268892794,1.0,0.9977983267283135,13596.0,0.0,0.0,0.0,60.0,0,13596,0,60,0.5,2023_10_17_04_19_09_318679,2264.120008 total sec (00h 37m 44s)
Linux,nixos,6.1.57,#1-NixOS SMP PREEMPT_DYNAMIC Tue Oct 10 20:00:46 UTC 2023,x86_64,,14,20,67171385344,58429669376,PipelineNames.FirstGCNPipeline,2023_10_17_03_41_29_420278,42,83,16,64,20,0.5,1.5,20,16,226.6,0.9956063268892794,1.0,0.9977983267283135,13596.0,0.0,0.0,0.0,60.0,0,13596,0,60,0.5,2023_10_17_04_19_14_283847,2264.863569 total sec (00h 37m 44s)
Linux,nixos,6.1.57,#1-NixOS SMP PREEMPT_DYNAMIC Tue Oct 10 20:00:46 UTC 2023,x86_64,,14,20,67171385344,58444083200,PipelineNames.FirstGCNPipeline,2023_10_17_04_16_45_327893,42,88,16,64,20,1.0,1.0,10,4,226.6,0.9956063268892794,1.0,0.9977983267283135,13596.0,0.0,0.0,0.0,60.0,0,13596,0,60,0.5,2023_10_17_04_40_21_955011,1416.627118 total sec (00h 23m 36s)
Linux,nixos,6.1.57,#1-NixOS SMP PREEMPT_DYNAMIC Tue Oct 10 20:00:46 UTC 2023,x86_64,,14,20,67171385344,58463490048,PipelineNames.FirstGCNPipeline,2023_10_17_04_16_50_169556,42,89,16,64,20,1.0,1.0,10,16,226.6,0.9956063268892794,1.0,0.9977983267283135,13596.0,0.0,0.0,0.0,60.0,0,13596,0,60,0.5,2023_10_17_04_40_25_807984,1415.638428 total sec (00h 23m 35s)
Linux,nixos,6.1.57,#1-NixOS SMP PREEMPT_DYNAMIC Tue Oct 10 20:00:46 UTC 2023,x86_64,,14,20,67171385344,58388201472,PipelineNames.FirstGCNPipeline,2023_10_17_04_03_22_504171,42,86,16,64,20,1.0,0.5,20,4,226.6,0.9956063268892794,1.0,0.9977983267283135,13596.0,0.0,0.0,0.0,60.0,0,13596,0,60,0.5,2023_10_17_04_43_04_646452,2382.142281 total sec (00h 39m 42s)
Linux,nixos,6.1.57,#1-NixOS SMP PREEMPT_DYNAMIC Tue Oct 10 20:00:46 UTC 2023,x86_64,,14,20,67171385344,58417659904,PipelineNames.FirstGCNPipeline,2023_10_17_04_03_23_304818,42,87,16,64,20,1.0,0.5,20,16,226.6,0.9956063268892794,1.0,0.9977983267283135,13596.0,0.0,0.0,0.0,60.0,0,13596,0,60,0.5,2023_10_17_04_43_06_043155,2382.738337 total sec (00h 39m 42s)
Linux,nixos,6.1.57,#1-NixOS SMP PREEMPT_DYNAMIC Tue Oct 10 20:00:46 UTC 2023,x86_64,,14,20,67171385344,58455490560,PipelineNames.FirstGCNPipeline,2023_10_17_04_19_09_322825,42,90,16,64,20,1.0,1.0,20,4,226.6,0.9956063268892794,1.0,0.9977983267283135,13596.0,0.0,0.0,0.0,60.0,0,13596,0,60,0.5,2023_10_17_04_58_04_771518,2335.448693 total sec (00h 38m 55s)
Linux,nixos,6.1.57,#1-NixOS SMP PREEMPT_DYNAMIC Tue Oct 10 20:00:46 UTC 2023,x86_64,,14,20,67171385344,58459910144,PipelineNames.FirstGCNPipeline,2023_10_17_04_19_14_288168,42,91,16,64,20,1.0,1.0,20,16,226.6,0.9956063268892794,1.0,0.9977983267283135,13596.0,0.0,0.0,0.0,60.0,0,13596,0,60,0.5,2023_10_17_04_58_09_911586,2335.623418 total sec (00h 38m 55s)
Linux,nixos,6.1.57,#1-NixOS SMP PREEMPT_DYNAMIC Tue Oct 10 20:00:46 UTC 2023,x86_64,,14,20,67171385344,58440908800,PipelineNames.FirstGCNPipeline,2023_10_17_04_40_21_959179,42,92,16,64,20,1.0,1.5,10,4,226.6,0.9956063268892794,1.0,0.9977983267283135,13596.0,0.0,0.0,0.0,60.0,0,13596,0,60,0.5,2023_10_17_05_03_46_008900,1404.049721 total sec (00h 23m 24s)
Linux,nixos,6.1.57,#1-NixOS SMP PREEMPT_DYNAMIC Tue Oct 10 20:00:46 UTC 2023,x86_64,,14,20,67171385344,58460880896,PipelineNames.FirstGCNPipeline,2023_10_17_04_40_25_811854,42,93,16,64,20,1.0,1.5,10,16,226.6,0.9956063268892794,1.0,0.9977983267283135,13596.0,0.0,0.0,0.0,60.0,0,13596,0,60,0.5,2023_10_17_05_03_51_399367,1405.587513 total sec (00h 23m 25s)
Linux,nixos,6.1.57,#1-NixOS SMP PREEMPT_DYNAMIC Tue Oct 10 20:00:46 UTC 2023,x86_64,,14,20,67171385344,58423398400,PipelineNames.FirstGCNPipeline,2023_10_17_04_43_04_650362,42,94,16,64,20,1.0,1.5,20,4,226.6,0.9956063268892794,1.0,0.9977983267283135,13596.0,0.0,0.0,0.0,60.0,0,13596,0,60,0.5,2023_10_17_05_21_34_779790,2310.129428 total sec (00h 38m 30s)
Linux,nixos,6.1.57,#1-NixOS SMP PREEMPT_DYNAMIC Tue Oct 10 20:00:46 UTC 2023,x86_64,,14,20,67171385344,58444787712,PipelineNames.FirstGCNPipeline,2023_10_17_04_43_06_047446,42,95,16,64,20,1.0,1.5,20,16,226.6,0.9956063268892794,1.0,0.9977983267283135,13596.0,0.0,0.0,0.0,60.0,0,13596,0,60,0.5,2023_10_17_05_21_35_649123,2309.601677 total sec (00h 38m 29s)
Linux,nixos,6.1.57,#1-NixOS SMP PREEMPT_DYNAMIC Tue Oct 10 20:00:46 UTC 2023,x86_64,,14,20,67171385344,58430074880,PipelineNames.FirstGCNPipeline,2023_10_17_04_58_04_775443,42,96,16,64,20,1.5,0.5,10,4,226.6,0.9956063268892794,1.0,0.9977983267283135,13596.0,0.0,0.0,0.0,60.0,0,13596,0,60,0.5,2023_10_17_05_22_11_618752,1446.843309 total sec (00h 24m 06s)
Linux,nixos,6.1.57,#1-NixOS SMP PREEMPT_DYNAMIC Tue Oct 10 20:00:46 UTC 2023,x86_64,,14,20,67171385344,58441248768,PipelineNames.FirstGCNPipeline,2023_10_17_04_58_09_915765,42,97,16,64,20,1.5,0.5,10,16,226.6,0.9956063268892794,1.0,0.9977983267283135,13596.0,0.0,0.0,0.0,60.0,0,13596,0,60,0.5,2023_10_17_05_22_16_564363,1446.648598 total sec (00h 24m 06s)
Linux,nixos,6.1.57,#1-NixOS SMP PREEMPT_DYNAMIC Tue Oct 10 20:00:46 UTC 2023,x86_64,,14,20,67171385344,58405916672,PipelineNames.FirstGCNPipeline,2023_10_17_05_03_46_013830,42,98,16,64,20,1.5,0.5,20,4,226.6,0.9956063268892794,1.0,0.9977983267283135,13596.0,0.0,0.0,0.0,60.0,0,13596,0,60,0.5,2023_10_17_05_43_52_134167,2406.120337 total sec (00h 40m 06s)
Linux,nixos,6.1.57,#1-NixOS SMP PREEMPT_DYNAMIC Tue Oct 10 20:00:46 UTC 2023,x86_64,,14,20,67171385344,58431582208,PipelineNames.FirstGCNPipeline,2023_10_17_05_03_51_403549,42,99,16,64,20,1.5,0.5,20,16,226.6,0.9956063268892794,1.0,0.9977983267283135,13596.0,0.0,0.0,0.0,60.0,0,13596,0,60,0.5,2023_10_17_05_43_56_643895,2405.240346 total sec (00h 40m 05s)
Linux,nixos,6.1.57,#1-NixOS SMP PREEMPT_DYNAMIC Tue Oct 10 20:00:46 UTC 2023,x86_64,,14,20,67171385344,58428993536,PipelineNames.FirstGCNPipeline,2023_10_17_05_21_35_653307,42,101,16,64,20,1.5,1.0,10,16,226.6,0.9956063268892794,1.0,0.9977983267283135,13596.0,0.0,0.0,0.0,60.0,0,13596,0,60,0.5,2023_10_17_05_45_23_182525,1427.529218 total sec (00h 23m 47s)
Linux,nixos,6.1.57,#1-NixOS SMP PREEMPT_DYNAMIC Tue Oct 10 20:00:46 UTC 2023,x86_64,,14,20,67171385344,58399809536,PipelineNames.FirstGCNPipeline,2023_10_17_05_21_34_784118,42,100,16,64,20,1.5,1.0,10,4,226.6,0.9956063268892794,1.0,0.9977983267283135,13596.0,0.0,0.0,0.0,60.0,0,13596,0,60,0.5,2023_10_17_05_45_23_819201,1429.035083 total sec (00h 23m 49s)
Linux,nixos,6.1.57,#1-NixOS SMP PREEMPT_DYNAMIC Tue Oct 10 20:00:46 UTC 2023,x86_64,,14,20,67171385344,58415173632,PipelineNames.FirstGCNPipeline,2023_10_17_05_22_11_623031,42,102,16,64,20,1.5,1.0,20,4,226.6,0.9956063268892794,1.0,0.9977983267283135,13596.0,0.0,0.0,0.0,60.0,0,13596,0,60,0.5,2023_10_17_06_01_35_224211,2363.60118 total sec (00h 39m 23s)
Linux,nixos,6.1.57,#1-NixOS SMP PREEMPT_DYNAMIC Tue Oct 10 20:00:46 UTC 2023,x86_64,,14,20,67171385344,58425155584,PipelineNames.FirstGCNPipeline,2023_10_17_05_22_16_568677,42,103,16,64,20,1.5,1.0,20,16,226.6,0.9956063268892794,1.0,0.9977983267283135,13596.0,0.0,0.0,0.0,60.0,0,13596,0,60,0.5,2023_10_17_06_01_42_702678,2366.134001 total sec (00h 39m 26s)
Linux,nixos,6.1.57,#1-NixOS SMP PREEMPT_DYNAMIC Tue Oct 10 20:00:46 UTC 2023,x86_64,,14,20,67171385344,58378604544,PipelineNames.FirstGCNPipeline,2023_10_17_05_43_52_138510,42,104,16,64,20,1.5,1.5,10,4,226.6,0.9956063268892794,1.0,0.9977983267283135,13596.0,0.0,0.0,0.0,60.0,0,13596,0,60,0.5,2023_10_17_06_07_30_699562,1418.561052 total sec (00h 23m 38s)
Linux,nixos,6.1.57,#1-NixOS SMP PREEMPT_DYNAMIC Tue Oct 10 20:00:46 UTC 2023,x86_64,,14,20,67171385344,58391367680,PipelineNames.FirstGCNPipeline,2023_10_17_05_43_56_648466,42,105,16,64,20,1.5,1.5,10,16,226.6,0.9956063268892794,1.0,0.9977983267283135,13596.0,0.0,0.0,0.0,60.0,0,13596,0,60,0.5,2023_10_17_06_07_36_181221,1419.532755 total sec (00h 23m 39s)
Linux,nixos,6.1.57,#1-NixOS SMP PREEMPT_DYNAMIC Tue Oct 10 20:00:46 UTC 2023,x86_64,,14,20,67171385344,58418454528,PipelineNames.FirstGCNPipeline,2023_10_17_05_45_23_823002,42,107,16,64,20,1.5,1.5,20,16,226.6,0.9956063268892794,1.0,0.9977983267283135,13596.0,0.0,0.0,0.0,60.0,0,13596,0,60,0.5,2023_10_17_06_24_17_184893,2333.361891 total sec (00h 38m 53s)
Linux,nixos,6.1.57,#1-NixOS SMP PREEMPT_DYNAMIC Tue Oct 10 20:00:46 UTC 2023,x86_64,,14,20,67171385344,58401239040,PipelineNames.FirstGCNPipeline,2023_10_17_05_45_23_187364,42,106,16,64,20,1.5,1.5,20,4,226.6,0.9956063268892794,1.0,0.9977983267283135,13596.0,0.0,0.0,0.0,60.0,0,13596,0,60,0.5,2023_10_17_06_24_18_460075,2335.272711 total sec (00h 38m 55s)
Linux,nixos,6.1.57,#1-NixOS SMP PREEMPT_DYNAMIC Tue Oct 10 20:00:46 UTC 2023,x86_64,,14,20,67171385344,58388176896,PipelineNames.FirstGCNPipeline,2023_10_17_06_01_35_229122,42,108,16,64,50,0.5,0.5,10,4,226.6,0.9956063268892794,1.0,0.9977983267283135,13596.0,0.0,0.0,0.0,60.0,0,13596,0,60,0.5,2023_10_17_07_00_14_226332,3518.99721 total sec (00h 58m 38s)
Linux,nixos,6.1.57,#1-NixOS SMP PREEMPT_DYNAMIC Tue Oct 10 20:00:46 UTC 2023,x86_64,,14,20,67171385344,58389663744,PipelineNames.FirstGCNPipeline,2023_10_17_06_01_42_706816,42,109,16,64,50,0.5,0.5,10,16,226.6,0.9956063268892794,1.0,0.9977983267283135,13596.0,0.0,0.0,0.0,60.0,0,13596,0,60,0.5,2023_10_17_07_00_25_614102,3522.907286 total sec (00h 58m 42s)
Linux,nixos,6.1.57,#1-NixOS SMP PREEMPT_DYNAMIC Tue Oct 10 20:00:46 UTC 2023,x86_64,,14,20,67171385344,58385006592,PipelineNames.FirstGCNPipeline,2023_10_17_06_24_18_464244,42,113,16,64,50,0.5,1.0,10,16,226.6,0.9956063268892794,1.0,0.9977983267283135,13596.0,0.0,0.0,0.0,60.0,0,13596,0,60,0.5,2023_10_17_07_21_58_169222,3459.704978 total sec (00h 57m 39s)
Linux,nixos,6.1.57,#1-NixOS SMP PREEMPT_DYNAMIC Tue Oct 10 20:00:46 UTC 2023,x86_64,,14,20,67171385344,58375319552,PipelineNames.FirstGCNPipeline,2023_10_17_06_24_17_189178,42,112,16,64,50,0.5,1.0,10,4,226.6,0.9956063268892794,1.0,0.9977983267283135,13596.0,0.0,0.0,0.0,60.0,0,13596,0,60,0.5,2023_10_17_07_21_58_894159,3461.704981 total sec (00h 57m 41s)
Linux,nixos,6.1.57,#1-NixOS SMP PREEMPT_DYNAMIC Tue Oct 10 20:00:46 UTC 2023,x86_64,,14,20,67171385344,58378600448,PipelineNames.FirstGCNPipeline,2023_10_17_06_07_30_703777,42,110,16,64,50,0.5,0.5,20,4,226.6,0.9956063268892794,1.0,0.9977983267283135,13596.0,0.0,0.0,0.0,60.0,0,13596,0,60,0.5,2023_10_17_07_44_29_688554,5818.984777 total sec (01h 36m 58s)
Linux,nixos,6.1.57,#1-NixOS SMP PREEMPT_DYNAMIC Tue Oct 10 20:00:46 UTC 2023,x86_64,,14,20,67171385344,58365599744,PipelineNames.FirstGCNPipeline,2023_10_17_06_07_36_185762,42,111,16,64,50,0.5,0.5,20,16,226.6,0.9956063268892794,1.0,0.9977983267283135,13596.0,0.0,0.0,0.0,60.0,0,13596,0,60,0.5,2023_10_17_07_44_37_604896,5821.419134 total sec (01h 37m 01s)
Linux,nixos,6.1.57,#1-NixOS SMP PREEMPT_DYNAMIC Tue Oct 10 20:00:46 UTC 2023,x86_64,,14,20,67171385344,58302668800,PipelineNames.FirstGCNPipeline,2023_10_17_07_21_58_173413,42,116,16,64,50,0.5,1.5,10,4,226.6,0.9956063268892794,1.0,0.9977983267283135,13596.0,0.0,0.0,0.0,60.0,0,13596,0,60,0.5,2023_10_17_08_18_58_485747,3420.312334 total sec (00h 57m 00s)
Linux,nixos,6.1.57,#1-NixOS SMP PREEMPT_DYNAMIC Tue Oct 10 20:00:46 UTC 2023,x86_64,,14,20,67171385344,58313273344,PipelineNames.FirstGCNPipeline,2023_10_17_07_21_58_898498,42,117,16,64,50,0.5,1.5,10,16,226.6,0.9956063268892794,1.0,0.9977983267283135,13596.0,0.0,0.0,0.0,60.0,0,13596,0,60,0.5,2023_10_17_08_18_59_808525,3420.910027 total sec (00h 57m 00s)
Linux,nixos,6.1.57,#1-NixOS SMP PREEMPT_DYNAMIC Tue Oct 10 20:00:46 UTC 2023,x86_64,,14,20,67171385344,58307956736,PipelineNames.FirstGCNPipeline,2023_10_17_07_00_14_232803,42,114,16,64,50,0.5,1.0,20,4,226.6,0.9956063268892794,1.0,0.9977983267283135,13596.0,0.0,0.0,0.0,60.0,0,13596,0,60,0.5,2023_10_17_08_35_05_006755,5690.773952 total sec (01h 34m 50s)
Linux,nixos,6.1.57,#1-NixOS SMP PREEMPT_DYNAMIC Tue Oct 10 20:00:46 UTC 2023,x86_64,,14,20,67171385344,58321907712,PipelineNames.FirstGCNPipeline,2023_10_17_07_00_25_618539,42,115,16,64,50,0.5,1.0,20,16,226.6,0.9956063268892794,1.0,0.9977983267283135,13596.0,0.0,0.0,0.0,60.0,0,13596,0,60,0.5,2023_10_17_08_35_15_578354,5689.959815 total sec (01h 34m 49s)
Linux,nixos,6.1.57,#1-NixOS SMP PREEMPT_DYNAMIC Tue Oct 10 20:00:46 UTC 2023,x86_64,,14,20,67171385344,58330648576,PipelineNames.FirstGCNPipeline,2023_10_17_07_44_29_692813,42,118,16,64,50,0.5,1.5,20,4,226.6,0.9956063268892794,1.0,0.9977983267283135,13596.0,0.0,0.0,0.0,60.0,0,13596,0,60,0.5,2023_10_17_09_18_55_422847,5665.730034 total sec (01h 34m 25s)
Linux,nixos,6.1.57,#1-NixOS SMP PREEMPT_DYNAMIC Tue Oct 10 20:00:46 UTC 2023,x86_64,,14,20,67171385344,58351513600,PipelineNames.FirstGCNPipeline,2023_10_17_07_44_37_609110,42,119,16,64,50,0.5,1.5,20,16,226.6,0.9956063268892794,1.0,0.9977983267283135,13596.0,0.0,0.0,0.0,60.0,0,13596,0,60,0.5,2023_10_17_09_19_01_804855,5664.195745 total sec (01h 34m 24s)
Linux,nixos,6.1.57,#1-NixOS SMP PREEMPT_DYNAMIC Tue Oct 10 20:00:46 UTC 2023,x86_64,,14,20,67171385344,58298511360,PipelineNames.FirstGCNPipeline,2023_10_17_08_18_58_492280,42,120,16,64,50,1.0,0.5,10,4,226.6,0.9956063268892794,1.0,0.9977983267283135,13596.0,0.0,0.0,0.0,60.0,0,13596,0,60,0.5,2023_10_17_09_19_13_161632,3614.669352 total sec (01h 00m 14s)
Linux,nixos,6.1.57,#1-NixOS SMP PREEMPT_DYNAMIC Tue Oct 10 20:00:46 UTC 2023,x86_64,,14,20,67171385344,58314952704,PipelineNames.FirstGCNPipeline,2023_10_17_08_18_59_812758,42,121,16,64,50,1.0,0.5,10,16,226.6,0.9956063268892794,1.0,0.9977983267283135,13596.0,0.0,0.0,0.0,60.0,0,13596,0,60,0.5,2023_10_17_09_19_14_187420,3614.374662 total sec (01h 00m 14s)
