system,node_name,release,version,machine,processor,physical_cores,total_cores,total_memory,available_memory,start_time,index,pipeline_name,nb_input_graphs,node2vec_dimensions,node2vec_walk_length,node2vec_num_walks,node2vec_p,node2vec_q,node2vec_window,node2vec_batch_words,node2vec_workers,training_epochs,imbalance_ratio,precision_class_0,recall_class_0,f1_score_class_0,support_class_0,precision_class_1,recall_class_1,f1_score_class_1,support_class_1,true_positives,true_negatives,false_positives,false_negatives,AUC,end_time,duration
Linux,nixos,6.1.57,#1-NixOS SMP PREEMPT_DYNAMIC Tue Oct 10 20:00:46 UTC 2023,x86_64,,14,20,67171385344,40887894016,2023_10_18_08_31_45_625981,1,first-gcn-pipeline,16,128,32,10,0.5,0.5,10,4,6,1,151.86666666666667,0.9934583515045792,1.0,0.9967184423539707,4556.0,0.0,0.0,0.0,30.0,0,4556,0,30,0.5,2023_10_18_08_33_45_606145,119.980164 total sec (00h 01m 59s)
Linux,nixos,6.1.57,#1-NixOS SMP PREEMPT_DYNAMIC Tue Oct 10 20:00:46 UTC 2023,x86_64,,14,20,67171385344,40887894016,2023_10_18_08_31_45_625779,3,first-gcn-pipeline,16,128,32,10,0.5,1.0,10,4,6,1,151.86666666666667,0.9934583515045792,1.0,0.9967184423539707,4556.0,0.0,0.0,0.0,30.0,0,4556,0,30,0.5,2023_10_18_08_33_45_737148,120.111369 total sec (00h 02m 00s)
Linux,nixos,6.1.57,#1-NixOS SMP PREEMPT_DYNAMIC Tue Oct 10 20:00:46 UTC 2023,x86_64,,14,20,67171385344,40887894016,2023_10_18_08_31_45_626039,5,first-gcn-pipeline,16,128,32,10,0.5,1.5,10,4,6,1,151.86666666666667,0.9934583515045792,1.0,0.9967184423539707,4556.0,0.0,0.0,0.0,30.0,0,4556,0,30,0.5,2023_10_18_08_33_46_072178,120.446139 total sec (00h 02m 00s)
Linux,nixos,6.1.57,#1-NixOS SMP PREEMPT_DYNAMIC Tue Oct 10 20:00:46 UTC 2023,x86_64,,14,20,67171385344,40893050880,2023_10_18_08_31_45_623602,0,first-gcn-pipeline,16,128,32,10,0.5,0.5,5,4,6,1,151.86666666666667,0.9934583515045792,1.0,0.9967184423539707,4556.0,0.0,0.0,0.0,30.0,0,4556,0,30,0.5,2023_10_18_08_33_55_338215,129.714613 total sec (00h 02m 09s)
Linux,nixos,6.1.57,#1-NixOS SMP PREEMPT_DYNAMIC Tue Oct 10 20:00:46 UTC 2023,x86_64,,14,20,67171385344,40887894016,2023_10_18_08_31_45_625569,2,first-gcn-pipeline,16,128,32,10,0.5,1.0,5,4,6,1,151.86666666666667,0.9934583515045792,1.0,0.9967184423539707,4556.0,0.0,0.0,0.0,30.0,0,4556,0,30,0.5,2023_10_18_08_33_55_560978,129.935409 total sec (00h 02m 09s)
Linux,nixos,6.1.57,#1-NixOS SMP PREEMPT_DYNAMIC Tue Oct 10 20:00:46 UTC 2023,x86_64,,14,20,67171385344,40887894016,2023_10_18_08_31_45_626015,4,first-gcn-pipeline,16,128,32,10,0.5,1.5,5,4,6,1,151.86666666666667,0.9934583515045792,1.0,0.9967184423539707,4556.0,0.0,0.0,0.0,30.0,0,4556,0,30,0.5,2023_10_18_08_33_55_982227,130.356212 total sec (00h 02m 10s)
Linux,nixos,6.1.57,#1-NixOS SMP PREEMPT_DYNAMIC Tue Oct 10 20:00:46 UTC 2023,x86_64,,14,20,67171385344,36861718528,2023_10_18_08_33_45_741908,7,first-gcn-pipeline,16,128,32,10,1.0,0.5,10,4,6,1,151.86666666666667,0.9934583515045792,1.0,0.9967184423539707,4556.0,0.0,0.0,0.0,30.0,0,4556,0,30,0.5,2023_10_18_08_35_45_038610,119.296702 total sec (00h 01m 59s)
Linux,nixos,6.1.57,#1-NixOS SMP PREEMPT_DYNAMIC Tue Oct 10 20:00:46 UTC 2023,x86_64,,14,20,67171385344,36917215232,2023_10_18_08_33_55_343480,9,first-gcn-pipeline,16,128,32,10,1.0,1.0,10,4,6,1,151.86666666666667,0.9934583515045792,1.0,0.9967184423539707,4556.0,0.0,0.0,0.0,30.0,0,4556,0,30,0.5,2023_10_18_08_35_54_583395,119.239915 total sec (00h 01m 59s)
Linux,nixos,6.1.57,#1-NixOS SMP PREEMPT_DYNAMIC Tue Oct 10 20:00:46 UTC 2023,x86_64,,14,20,67171385344,36896370688,2023_10_18_08_33_55_987316,11,first-gcn-pipeline,16,128,32,10,1.0,1.5,10,4,6,1,151.86666666666667,0.9934583515045792,1.0,0.9967184423539707,4556.0,0.0,0.0,0.0,30.0,0,4556,0,30,0.5,2023_10_18_08_35_55_115229,119.127913 total sec (00h 01m 59s)
Linux,nixos,6.1.57,#1-NixOS SMP PREEMPT_DYNAMIC Tue Oct 10 20:00:46 UTC 2023,x86_64,,14,20,67171385344,36950990848,2023_10_18_08_33_45_609982,6,first-gcn-pipeline,16,128,32,10,1.0,0.5,5,4,6,1,151.86666666666667,0.9934583515045792,1.0,0.9967184423539707,4556.0,0.0,0.0,0.0,30.0,0,4556,0,30,0.5,2023_10_18_08_35_55_711775,130.101793 total sec (00h 02m 10s)
Linux,nixos,6.1.57,#1-NixOS SMP PREEMPT_DYNAMIC Tue Oct 10 20:00:46 UTC 2023,x86_64,,14,20,67171385344,36925337600,2023_10_18_08_33_46_077025,8,first-gcn-pipeline,16,128,32,10,1.0,1.0,5,4,6,1,151.86666666666667,0.9934583515045792,1.0,0.9967184423539707,4556.0,0.0,0.0,0.0,30.0,0,4556,0,30,0.5,2023_10_18_08_35_56_130919,130.053894 total sec (00h 02m 10s)
Linux,nixos,6.1.57,#1-NixOS SMP PREEMPT_DYNAMIC Tue Oct 10 20:00:46 UTC 2023,x86_64,,14,20,67171385344,36750389248,2023_10_18_08_33_55_567222,10,first-gcn-pipeline,16,128,32,10,1.0,1.5,5,4,6,1,151.86666666666667,0.9934583515045792,1.0,0.9967184423539707,4556.0,0.0,0.0,0.0,30.0,0,4556,0,30,0.5,2023_10_18_08_36_05_312808,129.745586 total sec (00h 02m 09s)
Linux,nixos,6.1.57,#1-NixOS SMP PREEMPT_DYNAMIC Tue Oct 10 20:00:46 UTC 2023,x86_64,,14,20,67171385344,36803706880,2023_10_18_08_35_54_585696,13,first-gcn-pipeline,16,128,32,10,1.5,0.5,10,4,6,1,151.86666666666667,0.9934583515045792,1.0,0.9967184423539707,4556.0,0.0,0.0,0.0,30.0,0,4556,0,30,0.5,2023_10_18_08_37_54_964862,120.379166 total sec (00h 02m 00s)
Linux,nixos,6.1.57,#1-NixOS SMP PREEMPT_DYNAMIC Tue Oct 10 20:00:46 UTC 2023,x86_64,,14,20,67171385344,36837462016,2023_10_18_08_35_55_714440,15,first-gcn-pipeline,16,128,32,10,1.5,1.0,10,4,6,1,151.86666666666667,0.9934583515045792,1.0,0.9967184423539707,4556.0,0.0,0.0,0.0,30.0,0,4556,0,30,0.5,2023_10_18_08_37_55_487635,119.773195 total sec (00h 01m 59s)
Linux,nixos,6.1.57,#1-NixOS SMP PREEMPT_DYNAMIC Tue Oct 10 20:00:46 UTC 2023,x86_64,,14,20,67171385344,36800557056,2023_10_18_08_35_45_041385,12,first-gcn-pipeline,16,128,32,10,1.5,0.5,5,4,6,1,151.86666666666667,0.9934583515045792,1.0,0.9967184423539707,4556.0,0.0,0.0,0.0,30.0,0,4556,0,30,0.5,2023_10_18_08_37_56_841844,131.800459 total sec (00h 02m 11s)
Linux,nixos,6.1.57,#1-NixOS SMP PREEMPT_DYNAMIC Tue Oct 10 20:00:46 UTC 2023,x86_64,,14,20,67171385344,36800176128,2023_10_18_08_36_05_314918,17,first-gcn-pipeline,16,128,32,10,1.5,1.5,10,4,6,1,151.86666666666667,0.9934583515045792,1.0,0.9967184423539707,4556.0,0.0,0.0,0.0,30.0,0,4556,0,30,0.5,2023_10_18_08_38_04_777988,119.46307 total sec (00h 01m 59s)
Linux,nixos,6.1.57,#1-NixOS SMP PREEMPT_DYNAMIC Tue Oct 10 20:00:46 UTC 2023,x86_64,,14,20,67171385344,36814647296,2023_10_18_08_35_56_133015,16,first-gcn-pipeline,16,128,32,10,1.5,1.5,5,4,6,1,151.86666666666667,0.9934583515045792,1.0,0.9967184423539707,4556.0,0.0,0.0,0.0,30.0,0,4556,0,30,0.5,2023_10_18_08_38_07_879489,131.746474 total sec (00h 02m 11s)
Linux,nixos,6.1.57,#1-NixOS SMP PREEMPT_DYNAMIC Tue Oct 10 20:00:46 UTC 2023,x86_64,,14,20,67171385344,36820099072,2023_10_18_08_35_55_117562,14,first-gcn-pipeline,16,128,32,10,1.5,1.0,5,4,6,1,151.86666666666667,0.9934583515045792,1.0,0.9967184423539707,4556.0,0.0,0.0,0.0,30.0,0,4556,0,30,0.5,2023_10_18_08_38_07_941945,132.824383 total sec (00h 02m 12s)
Linux,nixos,6.1.57,#1-NixOS SMP PREEMPT_DYNAMIC Tue Oct 10 20:00:46 UTC 2023,x86_64,,14,20,67171385344,36854419456,2023_10_18_08_37_55_489968,19,first-gcn-pipeline,16,128,32,20,0.5,0.5,10,4,6,1,151.86666666666667,0.9934583515045792,1.0,0.9967184423539707,4556.0,0.0,0.0,0.0,30.0,0,4556,0,30,0.5,2023_10_18_08_41_41_062495,225.572527 total sec (00h 03m 45s)
Linux,nixos,6.1.57,#1-NixOS SMP PREEMPT_DYNAMIC Tue Oct 10 20:00:46 UTC 2023,x86_64,,14,20,67171385344,36839022592,2023_10_18_08_38_04_780284,21,first-gcn-pipeline,16,128,32,20,0.5,1.0,10,4,6,1,151.86666666666667,0.9934583515045792,1.0,0.9967184423539707,4556.0,0.0,0.0,0.0,30.0,0,4556,0,30,0.5,2023_10_18_08_41_50_006244,225.22596 total sec (00h 03m 45s)
Linux,nixos,6.1.57,#1-NixOS SMP PREEMPT_DYNAMIC Tue Oct 10 20:00:46 UTC 2023,x86_64,,14,20,67171385344,36799782912,2023_10_18_08_38_07_944237,23,first-gcn-pipeline,16,128,32,20,0.5,1.5,10,4,6,1,151.86666666666667,0.9934583515045792,1.0,0.9967184423539707,4556.0,0.0,0.0,0.0,30.0,0,4556,0,30,0.5,2023_10_18_08_41_53_264373,225.320136 total sec (00h 03m 45s)
Linux,nixos,6.1.57,#1-NixOS SMP PREEMPT_DYNAMIC Tue Oct 10 20:00:46 UTC 2023,x86_64,,14,20,67171385344,36860932096,2023_10_18_08_37_54_967671,18,first-gcn-pipeline,16,128,32,20,0.5,0.5,5,4,6,1,151.86666666666667,0.9934583515045792,1.0,0.9967184423539707,4556.0,0.0,0.0,0.0,30.0,0,4556,0,30,0.5,2023_10_18_08_42_05_753577,250.785906 total sec (00h 04m 10s)
Linux,nixos,6.1.57,#1-NixOS SMP PREEMPT_DYNAMIC Tue Oct 10 20:00:46 UTC 2023,x86_64,,14,20,67171385344,36847710208,2023_10_18_08_37_56_843660,20,first-gcn-pipeline,16,128,32,20,0.5,1.0,5,4,6,1,151.86666666666667,0.9934583515045792,1.0,0.9967184423539707,4556.0,0.0,0.0,0.0,30.0,0,4556,0,30,0.5,2023_10_18_08_42_08_815328,251.971668 total sec (00h 04m 11s)
Linux,nixos,6.1.57,#1-NixOS SMP PREEMPT_DYNAMIC Tue Oct 10 20:00:46 UTC 2023,x86_64,,14,20,67171385344,36827955200,2023_10_18_08_38_07_889634,22,first-gcn-pipeline,16,128,32,20,0.5,1.5,5,4,6,1,151.86666666666667,0.9934583515045792,1.0,0.9967184423539707,4556.0,0.0,0.0,0.0,30.0,0,4556,0,30,0.5,2023_10_18_08_42_20_512914,252.62328 total sec (00h 04m 12s)
Linux,nixos,6.1.57,#1-NixOS SMP PREEMPT_DYNAMIC Tue Oct 10 20:00:46 UTC 2023,x86_64,,14,20,67171385344,36793430016,2023_10_18_08_41_50_008464,25,first-gcn-pipeline,16,128,32,20,1.0,0.5,10,4,6,1,151.86666666666667,0.9934583515045792,1.0,0.9967184423539707,4556.0,0.0,0.0,0.0,30.0,0,4556,0,30,0.5,2023_10_18_08_45_36_079102,226.070638 total sec (00h 03m 46s)
Linux,nixos,6.1.57,#1-NixOS SMP PREEMPT_DYNAMIC Tue Oct 10 20:00:46 UTC 2023,x86_64,,14,20,67171385344,36791058432,2023_10_18_08_42_05_756301,27,first-gcn-pipeline,16,128,32,20,1.0,1.0,10,4,6,1,151.86666666666667,0.9934583515045792,1.0,0.9967184423539707,4556.0,0.0,0.0,0.0,30.0,0,4556,0,30,0.5,2023_10_18_08_45_53_355567,227.599266 total sec (00h 03m 47s)
Linux,nixos,6.1.57,#1-NixOS SMP PREEMPT_DYNAMIC Tue Oct 10 20:00:46 UTC 2023,x86_64,,14,20,67171385344,36808200192,2023_10_18_08_41_41_065154,24,first-gcn-pipeline,16,128,32,20,1.0,0.5,5,4,6,1,151.86666666666667,0.9934583515045792,1.0,0.9967184423539707,4556.0,0.0,0.0,0.0,30.0,0,4556,0,30,0.5,2023_10_18_08_45_55_003403,253.938249 total sec (00h 04m 13s)
Linux,nixos,6.1.57,#1-NixOS SMP PREEMPT_DYNAMIC Tue Oct 10 20:00:46 UTC 2023,x86_64,,14,20,67171385344,36814585856,2023_10_18_08_41_53_266504,26,first-gcn-pipeline,16,128,32,20,1.0,1.0,5,4,6,1,151.86666666666667,0.9934583515045792,1.0,0.9967184423539707,4556.0,0.0,0.0,0.0,30.0,0,4556,0,30,0.5,2023_10_18_08_46_08_767578,255.501074 total sec (00h 04m 15s)
Linux,nixos,6.1.57,#1-NixOS SMP PREEMPT_DYNAMIC Tue Oct 10 20:00:46 UTC 2023,x86_64,,14,20,67171385344,36820320256,2023_10_18_08_42_20_515836,29,first-gcn-pipeline,16,128,32,20,1.0,1.5,10,4,6,1,151.86666666666667,0.9934583515045792,1.0,0.9967184423539707,4556.0,0.0,0.0,0.0,30.0,0,4556,0,30,0.5,2023_10_18_08_46_09_123491,228.607655 total sec (00h 03m 48s)
Linux,nixos,6.1.57,#1-NixOS SMP PREEMPT_DYNAMIC Tue Oct 10 20:00:46 UTC 2023,x86_64,,14,20,67171385344,36819103744,2023_10_18_08_42_08_818140,28,first-gcn-pipeline,16,128,32,20,1.0,1.5,5,4,6,1,151.86666666666667,0.9934583515045792,1.0,0.9967184423539707,4556.0,0.0,0.0,0.0,30.0,0,4556,0,30,0.5,2023_10_18_08_46_25_194863,256.376723 total sec (00h 04m 16s)
Linux,nixos,6.1.57,#1-NixOS SMP PREEMPT_DYNAMIC Tue Oct 10 20:00:46 UTC 2023,x86_64,,14,20,67171385344,36730863616,2023_10_18_08_45_53_357640,31,first-gcn-pipeline,16,128,32,20,1.5,0.5,10,4,6,1,151.86666666666667,0.9934583515045792,1.0,0.9967184423539707,4556.0,0.0,0.0,0.0,30.0,0,4556,0,30,0.5,2023_10_18_08_49_42_621956,229.264316 total sec (00h 03m 49s)
Linux,nixos,6.1.57,#1-NixOS SMP PREEMPT_DYNAMIC Tue Oct 10 20:00:46 UTC 2023,x86_64,,14,20,67171385344,36741664768,2023_10_18_08_45_36_081282,30,first-gcn-pipeline,16,128,32,20,1.5,0.5,5,4,6,1,151.86666666666667,0.9934583515045792,1.0,0.9967184423539707,4556.0,0.0,0.0,0.0,30.0,0,4556,0,30,0.5,2023_10_18_08_49_51_444884,255.363602 total sec (00h 04m 15s)
Linux,nixos,6.1.57,#1-NixOS SMP PREEMPT_DYNAMIC Tue Oct 10 20:00:46 UTC 2023,x86_64,,14,20,67171385344,36739342336,2023_10_18_08_46_08_770286,33,first-gcn-pipeline,16,128,32,20,1.5,1.0,10,4,6,1,151.86666666666667,0.9934583515045792,1.0,0.9967184423539707,4556.0,0.0,0.0,0.0,30.0,0,4556,0,30,0.5,2023_10_18_08_49_58_602258,229.831972 total sec (00h 03m 49s)
Linux,nixos,6.1.57,#1-NixOS SMP PREEMPT_DYNAMIC Tue Oct 10 20:00:46 UTC 2023,x86_64,,14,20,67171385344,36729638912,2023_10_18_08_45_55_006179,32,first-gcn-pipeline,16,128,32,20,1.5,1.0,5,4,6,1,151.86666666666667,0.9934583515045792,1.0,0.9967184423539707,4556.0,0.0,0.0,0.0,30.0,0,4556,0,30,0.5,2023_10_18_08_50_11_851109,256.84493 total sec (00h 04m 16s)
Linux,nixos,6.1.57,#1-NixOS SMP PREEMPT_DYNAMIC Tue Oct 10 20:00:46 UTC 2023,x86_64,,14,20,67171385344,36732612608,2023_10_18_08_46_25_197068,35,first-gcn-pipeline,16,128,32,20,1.5,1.5,10,4,6,1,151.86666666666667,0.9934583515045792,1.0,0.9967184423539707,4556.0,0.0,0.0,0.0,30.0,0,4556,0,30,0.5,2023_10_18_08_50_15_518224,230.321156 total sec (00h 03m 50s)
Linux,nixos,6.1.57,#1-NixOS SMP PREEMPT_DYNAMIC Tue Oct 10 20:00:46 UTC 2023,x86_64,,14,20,67171385344,36745375744,2023_10_18_08_46_09_125566,34,first-gcn-pipeline,16,128,32,20,1.5,1.5,5,4,6,1,151.86666666666667,0.9934583515045792,1.0,0.9967184423539707,4556.0,0.0,0.0,0.0,30.0,0,4556,0,30,0.5,2023_10_18_08_50_26_706390,257.580824 total sec (00h 04m 17s)
Linux,nixos,6.1.57,#1-NixOS SMP PREEMPT_DYNAMIC Tue Oct 10 20:00:46 UTC 2023,x86_64,,14,20,67171385344,36702478336,2023_10_18_08_49_51_447264,37,first-gcn-pipeline,16,128,32,30,0.5,0.5,10,4,6,1,151.86666666666667,0.9934583515045792,1.0,0.9967184423539707,4556.0,0.0,0.0,0.0,30.0,0,4556,0,30,0.5,2023_10_18_08_55_23_455229,332.007965 total sec (00h 05m 32s)
Linux,nixos,6.1.57,#1-NixOS SMP PREEMPT_DYNAMIC Tue Oct 10 20:00:46 UTC 2023,x86_64,,14,20,67171385344,36720193536,2023_10_18_08_50_11_853828,39,first-gcn-pipeline,16,128,32,30,0.5,1.0,10,4,6,1,151.86666666666667,0.9934583515045792,1.0,0.9967184423539707,4556.0,0.0,0.0,0.0,30.0,0,4556,0,30,0.5,2023_10_18_08_55_45_198497,333.344669 total sec (00h 05m 33s)
Linux,nixos,6.1.57,#1-NixOS SMP PREEMPT_DYNAMIC Tue Oct 10 20:00:46 UTC 2023,x86_64,,14,20,67171385344,36696518656,2023_10_18_08_49_42_624414,36,first-gcn-pipeline,16,128,32,30,0.5,0.5,5,4,6,1,151.86666666666667,0.9934583515045792,1.0,0.9967184423539707,4556.0,0.0,0.0,0.0,30.0,0,4556,0,30,0.5,2023_10_18_08_55_56_121384,373.49697 total sec (00h 06m 13s)
Linux,nixos,6.1.57,#1-NixOS SMP PREEMPT_DYNAMIC Tue Oct 10 20:00:46 UTC 2023,x86_64,,14,20,67171385344,36727099392,2023_10_18_08_50_26_708866,41,first-gcn-pipeline,16,128,32,30,0.5,1.5,10,4,6,1,151.86666666666667,0.9934583515045792,1.0,0.9967184423539707,4556.0,0.0,0.0,0.0,30.0,0,4556,0,30,0.5,2023_10_18_08_55_59_183023,332.474157 total sec (00h 05m 32s)
Linux,nixos,6.1.57,#1-NixOS SMP PREEMPT_DYNAMIC Tue Oct 10 20:00:46 UTC 2023,x86_64,,14,20,67171385344,36690329600,2023_10_18_08_49_58_604459,38,first-gcn-pipeline,16,128,32,30,0.5,1.0,5,4,6,1,151.86666666666667,0.9934583515045792,1.0,0.9967184423539707,4556.0,0.0,0.0,0.0,30.0,0,4556,0,30,0.5,2023_10_18_08_56_14_347322,375.742863 total sec (00h 06m 15s)
Linux,nixos,6.1.57,#1-NixOS SMP PREEMPT_DYNAMIC Tue Oct 10 20:00:46 UTC 2023,x86_64,,14,20,67171385344,36732633088,2023_10_18_08_50_15_528255,40,first-gcn-pipeline,16,128,32,30,0.5,1.5,5,4,6,1,151.86666666666667,0.9934583515045792,1.0,0.9967184423539707,4556.0,0.0,0.0,0.0,30.0,0,4556,0,30,0.5,2023_10_18_08_56_29_558419,374.030164 total sec (00h 06m 14s)
Linux,nixos,6.1.57,#1-NixOS SMP PREEMPT_DYNAMIC Tue Oct 10 20:00:46 UTC 2023,x86_64,,14,20,67171385344,36718358528,2023_10_18_08_55_45_201988,43,first-gcn-pipeline,16,128,32,30,1.0,0.5,10,4,6,1,151.86666666666667,0.9934583515045792,1.0,0.9967184423539707,4556.0,0.0,0.0,0.0,30.0,0,4556,0,30,0.5,2023_10_18_09_01_19_995209,334.793221 total sec (00h 05m 34s)
Linux,nixos,6.1.57,#1-NixOS SMP PREEMPT_DYNAMIC Tue Oct 10 20:00:46 UTC 2023,x86_64,,14,20,67171385344,36727611392,2023_10_18_08_55_59_185186,45,first-gcn-pipeline,16,128,32,30,1.0,1.0,10,4,6,1,151.86666666666667,0.9934583515045792,1.0,0.9967184423539707,4556.0,0.0,0.0,0.0,30.0,0,4556,0,30,0.5,2023_10_18_09_01_35_267381,336.082195 total sec (00h 05m 36s)
Linux,nixos,6.1.57,#1-NixOS SMP PREEMPT_DYNAMIC Tue Oct 10 20:00:46 UTC 2023,x86_64,,14,20,67171385344,36717293568,2023_10_18_08_55_23_458592,42,first-gcn-pipeline,16,128,32,30,1.0,0.5,5,4,6,1,151.86666666666667,0.9934583515045792,1.0,0.9967184423539707,4556.0,0.0,0.0,0.0,30.0,0,4556,0,30,0.5,2023_10_18_09_01_40_286922,376.82833 total sec (00h 06m 16s)
Linux,nixos,6.1.57,#1-NixOS SMP PREEMPT_DYNAMIC Tue Oct 10 20:00:46 UTC 2023,x86_64,,14,20,67171385344,36731465728,2023_10_18_08_56_29_560788,47,first-gcn-pipeline,16,128,32,30,1.0,1.5,10,4,6,1,151.86666666666667,0.9934583515045792,1.0,0.9967184423539707,4556.0,0.0,0.0,0.0,30.0,0,4556,0,30,0.5,2023_10_18_09_02_04_884691,335.323903 total sec (00h 05m 35s)
Linux,nixos,6.1.57,#1-NixOS SMP PREEMPT_DYNAMIC Tue Oct 10 20:00:46 UTC 2023,x86_64,,14,20,67171385344,36717481984,2023_10_18_08_55_56_124111,44,first-gcn-pipeline,16,128,32,30,1.0,1.0,5,4,6,1,151.86666666666667,0.9934583515045792,1.0,0.9967184423539707,4556.0,0.0,0.0,0.0,30.0,0,4556,0,30,0.5,2023_10_18_09_02_12_583851,376.45974 total sec (00h 06m 16s)
Linux,nixos,6.1.57,#1-NixOS SMP PREEMPT_DYNAMIC Tue Oct 10 20:00:46 UTC 2023,x86_64,,14,20,67171385344,36729688064,2023_10_18_08_56_14_349657,46,first-gcn-pipeline,16,128,32,30,1.0,1.5,5,4,6,1,151.86666666666667,0.9934583515045792,1.0,0.9967184423539707,4556.0,0.0,0.0,0.0,30.0,0,4556,0,30,0.5,2023_10_18_09_02_32_079461,377.729804 total sec (00h 06m 17s)
Linux,nixos,6.1.57,#1-NixOS SMP PREEMPT_DYNAMIC Tue Oct 10 20:00:46 UTC 2023,x86_64,,14,20,67171385344,36591157248,2023_10_18_09_01_35_269266,49,first-gcn-pipeline,16,128,32,30,1.5,0.5,10,4,6,1,151.86666666666667,0.9934583515045792,1.0,0.9967184423539707,4556.0,0.0,0.0,0.0,30.0,0,4556,0,30,0.5,2023_10_18_09_07_10_432132,335.162866 total sec (00h 05m 35s)
Linux,nixos,6.1.57,#1-NixOS SMP PREEMPT_DYNAMIC Tue Oct 10 20:00:46 UTC 2023,x86_64,,14,20,67171385344,36570431488,2023_10_18_09_01_19_997647,48,first-gcn-pipeline,16,128,32,30,1.5,0.5,5,4,6,1,151.86666666666667,0.9934583515045792,1.0,0.9967184423539707,4556.0,0.0,0.0,0.0,30.0,0,4556,0,30,0.5,2023_10_18_09_07_33_483623,373.485976 total sec (00h 06m 13s)
Linux,nixos,6.1.57,#1-NixOS SMP PREEMPT_DYNAMIC Tue Oct 10 20:00:46 UTC 2023,x86_64,,14,20,67171385344,36559441920,2023_10_18_09_02_04_886967,51,first-gcn-pipeline,16,128,32,30,1.5,1.0,10,4,6,1,151.86666666666667,0.9934583515045792,1.0,0.9967184423539707,4556.0,0.0,0.0,0.0,30.0,0,4556,0,30,0.5,2023_10_18_09_07_44_269041,339.382074 total sec (00h 05m 39s)
Linux,nixos,6.1.57,#1-NixOS SMP PREEMPT_DYNAMIC Tue Oct 10 20:00:46 UTC 2023,x86_64,,14,20,67171385344,36557230080,2023_10_18_09_01_40_289142,50,first-gcn-pipeline,16,128,32,30,1.5,1.0,5,4,6,1,151.86666666666667,0.9934583515045792,1.0,0.9967184423539707,4556.0,0.0,0.0,0.0,30.0,0,4556,0,30,0.5,2023_10_18_09_07_56_622132,376.33299 total sec (00h 06m 16s)
Linux,nixos,6.1.57,#1-NixOS SMP PREEMPT_DYNAMIC Tue Oct 10 20:00:46 UTC 2023,x86_64,,14,20,67171385344,36576325632,2023_10_18_09_02_32_081759,53,first-gcn-pipeline,16,128,32,30,1.5,1.5,10,4,6,1,151.86666666666667,0.9934583515045792,1.0,0.9967184423539707,4556.0,0.0,0.0,0.0,30.0,0,4556,0,30,0.5,2023_10_18_09_08_22_254410,350.172651 total sec (00h 05m 50s)
Linux,nixos,6.1.57,#1-NixOS SMP PREEMPT_DYNAMIC Tue Oct 10 20:00:46 UTC 2023,x86_64,,14,20,67171385344,36608012288,2023_10_18_09_02_12_585875,52,first-gcn-pipeline,16,128,32,30,1.5,1.5,5,4,6,1,151.86666666666667,0.9934583515045792,1.0,0.9967184423539707,4556.0,0.0,0.0,0.0,30.0,0,4556,0,30,0.5,2023_10_18_09_08_43_900149,391.314274 total sec (00h 06m 31s)
Linux,nixos,6.1.57,#1-NixOS SMP PREEMPT_DYNAMIC Tue Oct 10 20:00:46 UTC 2023,x86_64,,14,20,67171385344,36566913024,2023_10_18_09_07_10_434053,54,first-gcn-pipeline,16,128,64,10,0.5,0.5,5,4,6,1,151.86666666666667,0.9934583515045792,1.0,0.9967184423539707,4556.0,0.0,0.0,0.0,30.0,0,4556,0,30,0.5,2023_10_18_09_10_14_118808,183.684755 total sec (00h 03m 03s)
Linux,nixos,6.1.57,#1-NixOS SMP PREEMPT_DYNAMIC Tue Oct 10 20:00:46 UTC 2023,x86_64,,14,20,67171385344,36555444224,2023_10_18_09_07_33_486477,55,first-gcn-pipeline,16,128,64,10,0.5,0.5,10,4,6,1,151.86666666666667,0.9934583515045792,1.0,0.9967184423539707,4556.0,0.0,0.0,0.0,30.0,0,4556,0,30,0.5,2023_10_18_09_10_35_088631,181.602154 total sec (00h 03m 01s)
Linux,nixos,6.1.57,#1-NixOS SMP PREEMPT_DYNAMIC Tue Oct 10 20:00:46 UTC 2023,x86_64,,14,20,67171385344,36548489216,2023_10_18_09_07_56_624522,57,first-gcn-pipeline,16,128,64,10,0.5,1.0,10,4,6,1,151.86666666666667,0.9934583515045792,1.0,0.9967184423539707,4556.0,0.0,0.0,0.0,30.0,0,4556,0,30,0.5,2023_10_18_09_11_02_078918,185.454396 total sec (00h 03m 05s)
Linux,nixos,6.1.57,#1-NixOS SMP PREEMPT_DYNAMIC Tue Oct 10 20:00:46 UTC 2023,x86_64,,14,20,67171385344,36521222144,2023_10_18_09_07_44_271687,56,first-gcn-pipeline,16,128,64,10,0.5,1.0,5,4,6,1,151.86666666666667,0.9934583515045792,1.0,0.9967184423539707,4556.0,0.0,0.0,0.0,30.0,0,4556,0,30,0.5,2023_10_18_09_11_03_705253,199.433566 total sec (00h 03m 19s)
Linux,nixos,6.1.57,#1-NixOS SMP PREEMPT_DYNAMIC Tue Oct 10 20:00:46 UTC 2023,x86_64,,14,20,67171385344,36569243648,2023_10_18_09_08_22_257707,58,first-gcn-pipeline,16,128,64,10,0.5,1.5,5,4,6,1,151.86666666666667,0.9934583515045792,1.0,0.9967184423539707,4556.0,0.0,0.0,0.0,30.0,0,4556,0,30,0.5,2023_10_18_09_11_48_852501,206.594794 total sec (00h 03m 26s)
Linux,nixos,6.1.57,#1-NixOS SMP PREEMPT_DYNAMIC Tue Oct 10 20:00:46 UTC 2023,x86_64,,14,20,67171385344,36496113664,2023_10_18_09_08_43_902368,59,first-gcn-pipeline,16,128,64,10,0.5,1.5,10,4,6,1,151.86666666666667,0.9934583515045792,1.0,0.9967184423539707,4556.0,0.0,0.0,0.0,30.0,0,4556,0,30,0.5,2023_10_18_09_11_56_808436,192.906068 total sec (00h 03m 12s)
Linux,nixos,6.1.57,#1-NixOS SMP PREEMPT_DYNAMIC Tue Oct 10 20:00:46 UTC 2023,x86_64,,14,20,67171385344,36522553344,2023_10_18_09_10_14_121509,60,first-gcn-pipeline,16,128,64,10,1.0,0.5,5,4,6,1,151.86666666666667,0.9934583515045792,1.0,0.9967184423539707,4556.0,0.0,0.0,0.0,30.0,0,4556,0,30,0.5,2023_10_18_09_13_47_544379,213.42287 total sec (00h 03m 33s)
Linux,nixos,6.1.57,#1-NixOS SMP PREEMPT_DYNAMIC Tue Oct 10 20:00:46 UTC 2023,x86_64,,14,20,67171385344,36566089728,2023_10_18_09_10_35_090643,61,first-gcn-pipeline,16,128,64,10,1.0,0.5,10,4,6,1,151.86666666666667,0.9934583515045792,1.0,0.9967184423539707,4556.0,0.0,0.0,0.0,30.0,0,4556,0,30,0.5,2023_10_18_09_13_50_633710,195.543067 total sec (00h 03m 15s)
Linux,nixos,6.1.57,#1-NixOS SMP PREEMPT_DYNAMIC Tue Oct 10 20:00:46 UTC 2023,x86_64,,14,20,67171385344,36577607680,2023_10_18_09_11_03_707930,63,first-gcn-pipeline,16,128,64,10,1.0,1.0,10,4,6,1,151.86666666666667,0.9934583515045792,1.0,0.9967184423539707,4556.0,0.0,0.0,0.0,30.0,0,4556,0,30,0.5,2023_10_18_09_14_19_289815,195.581885 total sec (00h 03m 15s)
Linux,nixos,6.1.57,#1-NixOS SMP PREEMPT_DYNAMIC Tue Oct 10 20:00:46 UTC 2023,x86_64,,14,20,67171385344,36578553856,2023_10_18_09_11_02_081047,62,first-gcn-pipeline,16,128,64,10,1.0,1.0,5,4,6,1,151.86666666666667,0.9934583515045792,1.0,0.9967184423539707,4556.0,0.0,0.0,0.0,30.0,0,4556,0,30,0.5,2023_10_18_09_14_33_324154,211.243107 total sec (00h 03m 31s)
Linux,nixos,6.1.57,#1-NixOS SMP PREEMPT_DYNAMIC Tue Oct 10 20:00:46 UTC 2023,x86_64,,14,20,67171385344,36535459840,2023_10_18_09_11_56_811266,65,first-gcn-pipeline,16,128,64,10,1.0,1.5,10,4,6,1,151.86666666666667,0.9934583515045792,1.0,0.9967184423539707,4556.0,0.0,0.0,0.0,30.0,0,4556,0,30,0.5,2023_10_18_09_15_12_245160,195.433894 total sec (00h 03m 15s)
Linux,nixos,6.1.57,#1-NixOS SMP PREEMPT_DYNAMIC Tue Oct 10 20:00:46 UTC 2023,x86_64,,14,20,67171385344,36442968064,2023_10_18_09_11_48_854845,64,first-gcn-pipeline,16,128,64,10,1.0,1.5,5,4,6,1,151.86666666666667,0.9934583515045792,1.0,0.9967184423539707,4556.0,0.0,0.0,0.0,30.0,0,4556,0,30,0.5,2023_10_18_09_15_21_123944,212.269099 total sec (00h 03m 32s)
Linux,nixos,6.1.57,#1-NixOS SMP PREEMPT_DYNAMIC Tue Oct 10 20:00:46 UTC 2023,x86_64,,14,20,67171385344,36523499520,2023_10_18_09_13_50_635797,67,first-gcn-pipeline,16,128,64,10,1.5,0.5,10,4,6,1,151.86666666666667,0.9934583515045792,1.0,0.9967184423539707,4556.0,0.0,0.0,0.0,30.0,0,4556,0,30,0.5,2023_10_18_09_17_05_119368,194.483571 total sec (00h 03m 14s)
Linux,nixos,6.1.57,#1-NixOS SMP PREEMPT_DYNAMIC Tue Oct 10 20:00:46 UTC 2023,x86_64,,14,20,67171385344,36493877248,2023_10_18_09_13_47_547307,66,first-gcn-pipeline,16,128,64,10,1.5,0.5,5,4,6,1,151.86666666666667,0.9934583515045792,1.0,0.9967184423539707,4556.0,0.0,0.0,0.0,30.0,0,4556,0,30,0.5,2023_10_18_09_17_18_874578,211.327271 total sec (00h 03m 31s)
Linux,nixos,6.1.57,#1-NixOS SMP PREEMPT_DYNAMIC Tue Oct 10 20:00:46 UTC 2023,x86_64,,14,20,67171385344,36558352384,2023_10_18_09_14_33_326711,69,first-gcn-pipeline,16,128,64,10,1.5,1.0,10,4,6,1,151.86666666666667,0.9934583515045792,1.0,0.9967184423539707,4556.0,0.0,0.0,0.0,30.0,0,4556,0,30,0.5,2023_10_18_09_17_48_321305,194.994594 total sec (00h 03m 14s)
Linux,nixos,6.1.57,#1-NixOS SMP PREEMPT_DYNAMIC Tue Oct 10 20:00:46 UTC 2023,x86_64,,14,20,67171385344,36532248576,2023_10_18_09_14_19_291771,68,first-gcn-pipeline,16,128,64,10,1.5,1.0,5,4,6,1,151.86666666666667,0.9934583515045792,1.0,0.9967184423539707,4556.0,0.0,0.0,0.0,30.0,0,4556,0,30,0.5,2023_10_18_09_17_50_803056,211.511285 total sec (00h 03m 31s)
Linux,nixos,6.1.57,#1-NixOS SMP PREEMPT_DYNAMIC Tue Oct 10 20:00:46 UTC 2023,x86_64,,14,20,67171385344,36528570368,2023_10_18_09_15_21_126217,71,first-gcn-pipeline,16,128,64,10,1.5,1.5,10,4,6,1,151.86666666666667,0.9934583515045792,1.0,0.9967184423539707,4556.0,0.0,0.0,0.0,30.0,0,4556,0,30,0.5,2023_10_18_09_18_36_540588,195.414371 total sec (00h 03m 15s)
Linux,nixos,6.1.57,#1-NixOS SMP PREEMPT_DYNAMIC Tue Oct 10 20:00:46 UTC 2023,x86_64,,14,20,67171385344,36530409472,2023_10_18_09_15_12_247597,70,first-gcn-pipeline,16,128,64,10,1.5,1.5,5,4,6,1,151.86666666666667,0.9934583515045792,1.0,0.9967184423539707,4556.0,0.0,0.0,0.0,30.0,0,4556,0,30,0.5,2023_10_18_09_18_44_661572,212.413975 total sec (00h 03m 32s)
Linux,nixos,6.1.57,#1-NixOS SMP PREEMPT_DYNAMIC Tue Oct 10 20:00:46 UTC 2023,x86_64,,14,20,67171385344,36506386432,2023_10_18_09_17_18_877162,73,first-gcn-pipeline,16,128,64,20,0.5,0.5,10,4,6,1,151.86666666666667,0.9934583515045792,1.0,0.9967184423539707,4556.0,0.0,0.0,0.0,30.0,0,4556,0,30,0.5,2023_10_18_09_23_31_621550,372.744388 total sec (00h 06m 12s)
Linux,nixos,6.1.57,#1-NixOS SMP PREEMPT_DYNAMIC Tue Oct 10 20:00:46 UTC 2023,x86_64,,14,20,67171385344,36504387584,2023_10_18_09_17_05_121396,72,first-gcn-pipeline,16,128,64,20,0.5,0.5,5,4,6,1,151.86666666666667,0.9934583515045792,1.0,0.9967184423539707,4556.0,0.0,0.0,0.0,30.0,0,4556,0,30,0.5,2023_10_18_09_23_53_042440,407.921044 total sec (00h 06m 47s)
Linux,nixos,6.1.57,#1-NixOS SMP PREEMPT_DYNAMIC Tue Oct 10 20:00:46 UTC 2023,x86_64,,14,20,67171385344,36510646272,2023_10_18_09_17_50_805383,75,first-gcn-pipeline,16,128,64,20,0.5,1.0,10,4,6,1,151.86666666666667,0.9934583515045792,1.0,0.9967184423539707,4556.0,0.0,0.0,0.0,30.0,0,4556,0,30,0.5,2023_10_18_09_24_00_426794,369.621411 total sec (00h 06m 09s)
Linux,nixos,6.1.57,#1-NixOS SMP PREEMPT_DYNAMIC Tue Oct 10 20:00:46 UTC 2023,x86_64,,14,20,67171385344,36528795648,2023_10_18_09_17_48_323789,74,first-gcn-pipeline,16,128,64,20,0.5,1.0,5,4,6,1,151.86666666666667,0.9934583515045792,1.0,0.9967184423539707,4556.0,0.0,0.0,0.0,30.0,0,4556,0,30,0.5,2023_10_18_09_24_33_175740,404.851951 total sec (00h 06m 44s)
Linux,nixos,6.1.57,#1-NixOS SMP PREEMPT_DYNAMIC Tue Oct 10 20:00:46 UTC 2023,x86_64,,14,20,67171385344,36510248960,2023_10_18_09_18_44_664324,77,first-gcn-pipeline,16,128,64,20,0.5,1.5,10,4,6,1,151.86666666666667,0.9934583515045792,1.0,0.9967184423539707,4556.0,0.0,0.0,0.0,30.0,0,4556,0,30,0.5,2023_10_18_09_24_53_589520,368.925196 total sec (00h 06m 08s)
Linux,nixos,6.1.57,#1-NixOS SMP PREEMPT_DYNAMIC Tue Oct 10 20:00:46 UTC 2023,x86_64,,14,20,67171385344,36521844736,2023_10_18_09_18_36_542647,76,first-gcn-pipeline,16,128,64,20,0.5,1.5,5,4,6,1,151.86666666666667,0.9934583515045792,1.0,0.9967184423539707,4556.0,0.0,0.0,0.0,30.0,0,4556,0,30,0.5,2023_10_18_09_25_19_390985,402.848338 total sec (00h 06m 42s)
Linux,nixos,6.1.57,#1-NixOS SMP PREEMPT_DYNAMIC Tue Oct 10 20:00:46 UTC 2023,x86_64,,14,20,67171385344,36441784320,2023_10_18_09_23_53_045582,79,first-gcn-pipeline,16,128,64,20,1.0,0.5,10,4,6,1,151.86666666666667,0.9934583515045792,1.0,0.9967184423539707,4556.0,0.0,0.0,0.0,30.0,0,4556,0,30,0.5,2023_10_18_09_30_08_500982,375.4554 total sec (00h 06m 15s)
Linux,nixos,6.1.57,#1-NixOS SMP PREEMPT_DYNAMIC Tue Oct 10 20:00:46 UTC 2023,x86_64,,14,20,67171385344,36452716544,2023_10_18_09_23_31_625347,78,first-gcn-pipeline,16,128,64,20,1.0,0.5,5,4,6,1,151.86666666666667,0.9934583515045792,1.0,0.9967184423539707,4556.0,0.0,0.0,0.0,30.0,0,4556,0,30,0.5,2023_10_18_09_30_21_020260,409.394913 total sec (00h 06m 49s)
Linux,nixos,6.1.57,#1-NixOS SMP PREEMPT_DYNAMIC Tue Oct 10 20:00:46 UTC 2023,x86_64,,14,20,67171385344,36464668672,2023_10_18_09_24_33_178328,81,first-gcn-pipeline,16,128,64,20,1.0,1.0,10,4,6,1,151.86666666666667,0.9934583515045792,1.0,0.9967184423539707,4556.0,0.0,0.0,0.0,30.0,0,4556,0,30,0.5,2023_10_18_09_30_49_027390,375.849062 total sec (00h 06m 15s)
Linux,nixos,6.1.57,#1-NixOS SMP PREEMPT_DYNAMIC Tue Oct 10 20:00:46 UTC 2023,x86_64,,14,20,67171385344,36424822784,2023_10_18_09_24_00_429450,80,first-gcn-pipeline,16,128,64,20,1.0,1.0,5,4,6,1,151.86666666666667,0.9934583515045792,1.0,0.9967184423539707,4556.0,0.0,0.0,0.0,30.0,0,4556,0,30,0.5,2023_10_18_09_30_49_645201,409.215751 total sec (00h 06m 49s)
Linux,nixos,6.1.57,#1-NixOS SMP PREEMPT_DYNAMIC Tue Oct 10 20:00:46 UTC 2023,x86_64,,14,20,67171385344,36456734720,2023_10_18_09_25_19_393196,83,first-gcn-pipeline,16,128,64,20,1.0,1.5,10,4,6,1,151.86666666666667,0.9934583515045792,1.0,0.9967184423539707,4556.0,0.0,0.0,0.0,30.0,0,4556,0,30,0.5,2023_10_18_09_31_40_332955,380.939759 total sec (00h 06m 20s)
Linux,nixos,6.1.57,#1-NixOS SMP PREEMPT_DYNAMIC Tue Oct 10 20:00:46 UTC 2023,x86_64,,14,20,67171385344,36452216832,2023_10_18_09_24_53_591913,82,first-gcn-pipeline,16,128,64,20,1.0,1.5,5,4,6,1,151.86666666666667,0.9934583515045792,1.0,0.9967184423539707,4556.0,0.0,0.0,0.0,30.0,0,4556,0,30,0.5,2023_10_18_09_31_45_972903,412.38099 total sec (00h 06m 52s)
Linux,nixos,6.1.57,#1-NixOS SMP PREEMPT_DYNAMIC Tue Oct 10 20:00:46 UTC 2023,x86_64,,14,20,67171385344,36401135616,2023_10_18_09_30_21_023523,85,first-gcn-pipeline,16,128,64,20,1.5,0.5,10,4,6,1,151.86666666666667,0.9934583515045792,1.0,0.9967184423539707,4556.0,0.0,0.0,0.0,30.0,0,4556,0,30,0.5,2023_10_18_09_36_41_939847,380.916324 total sec (00h 06m 20s)
Linux,nixos,6.1.57,#1-NixOS SMP PREEMPT_DYNAMIC Tue Oct 10 20:00:46 UTC 2023,x86_64,,14,20,67171385344,36402847744,2023_10_18_09_30_08_503977,84,first-gcn-pipeline,16,128,64,20,1.5,0.5,5,4,6,1,151.86666666666667,0.9934583515045792,1.0,0.9967184423539707,4556.0,0.0,0.0,0.0,30.0,0,4556,0,30,0.5,2023_10_18_09_37_05_994241,417.490264 total sec (00h 06m 57s)
Linux,nixos,6.1.57,#1-NixOS SMP PREEMPT_DYNAMIC Tue Oct 10 20:00:46 UTC 2023,x86_64,,14,20,67171385344,36414832640,2023_10_18_09_30_49_647634,87,first-gcn-pipeline,16,128,64,20,1.5,1.0,10,4,6,1,151.86666666666667,0.9934583515045792,1.0,0.9967184423539707,4556.0,0.0,0.0,0.0,30.0,0,4556,0,30,0.5,2023_10_18_09_37_11_772690,382.125056 total sec (00h 06m 22s)
Linux,nixos,6.1.57,#1-NixOS SMP PREEMPT_DYNAMIC Tue Oct 10 20:00:46 UTC 2023,x86_64,,14,20,67171385344,36396785664,2023_10_18_09_30_49_029771,86,first-gcn-pipeline,16,128,64,20,1.5,1.0,5,4,6,1,151.86666666666667,0.9934583515045792,1.0,0.9967184423539707,4556.0,0.0,0.0,0.0,30.0,0,4556,0,30,0.5,2023_10_18_09_37_45_513565,416.483794 total sec (00h 06m 56s)
Linux,nixos,6.1.57,#1-NixOS SMP PREEMPT_DYNAMIC Tue Oct 10 20:00:46 UTC 2023,x86_64,,14,20,67171385344,36427268096,2023_10_18_09_31_45_975394,89,first-gcn-pipeline,16,128,64,20,1.5,1.5,10,4,6,1,151.86666666666667,0.9934583515045792,1.0,0.9967184423539707,4556.0,0.0,0.0,0.0,30.0,0,4556,0,30,0.5,2023_10_18_09_38_03_145328,377.169934 total sec (00h 06m 17s)
Linux,nixos,6.1.57,#1-NixOS SMP PREEMPT_DYNAMIC Tue Oct 10 20:00:46 UTC 2023,x86_64,,14,20,67171385344,36424515584,2023_10_18_09_31_40_335991,88,first-gcn-pipeline,16,128,64,20,1.5,1.5,5,4,6,1,151.86666666666667,0.9934583515045792,1.0,0.9967184423539707,4556.0,0.0,0.0,0.0,30.0,0,4556,0,30,0.5,2023_10_18_09_38_34_618481,414.28249 total sec (00h 06m 54s)
Linux,nixos,6.1.57,#1-NixOS SMP PREEMPT_DYNAMIC Tue Oct 10 20:00:46 UTC 2023,x86_64,,14,20,67171385344,36370309120,2023_10_18_09_37_05_997099,91,first-gcn-pipeline,16,128,64,30,0.5,0.5,10,4,6,1,151.86666666666667,0.9934583515045792,1.0,0.9967184423539707,4556.0,0.0,0.0,0.0,30.0,0,4556,0,30,0.5,2023_10_18_09_46_14_254680,548.257581 total sec (00h 09m 08s)
Linux,nixos,6.1.57,#1-NixOS SMP PREEMPT_DYNAMIC Tue Oct 10 20:00:46 UTC 2023,x86_64,,14,20,67171385344,36387229696,2023_10_18_09_37_45_515928,93,first-gcn-pipeline,16,128,64,30,0.5,1.0,10,4,6,1,151.86666666666667,0.9934583515045792,1.0,0.9967184423539707,4556.0,0.0,0.0,0.0,30.0,0,4556,0,30,0.5,2023_10_18_09_46_47_783636,542.267708 total sec (00h 09m 02s)
Linux,nixos,6.1.57,#1-NixOS SMP PREEMPT_DYNAMIC Tue Oct 10 20:00:46 UTC 2023,x86_64,,14,20,67171385344,36355723264,2023_10_18_09_36_41_942136,90,first-gcn-pipeline,16,128,64,30,0.5,0.5,5,4,6,1,151.86666666666667,0.9934583515045792,1.0,0.9967184423539707,4556.0,0.0,0.0,0.0,30.0,0,4556,0,30,0.5,2023_10_18_09_46_50_232882,608.290746 total sec (00h 10m 08s)
Linux,nixos,6.1.57,#1-NixOS SMP PREEMPT_DYNAMIC Tue Oct 10 20:00:46 UTC 2023,x86_64,,14,20,67171385344,36396593152,2023_10_18_09_37_11_775385,92,first-gcn-pipeline,16,128,64,30,0.5,1.0,5,4,6,1,151.86666666666667,0.9934583515045792,1.0,0.9967184423539707,4556.0,0.0,0.0,0.0,30.0,0,4556,0,30,0.5,2023_10_18_09_47_18_847869,607.072484 total sec (00h 10m 07s)
Linux,nixos,6.1.57,#1-NixOS SMP PREEMPT_DYNAMIC Tue Oct 10 20:00:46 UTC 2023,x86_64,,14,20,67171385344,36420378624,2023_10_18_09_38_34_620679,95,first-gcn-pipeline,16,128,64,30,0.5,1.5,10,4,6,1,151.86666666666667,0.9934583515045792,1.0,0.9967184423539707,4556.0,0.0,0.0,0.0,30.0,0,4556,0,30,0.5,2023_10_18_09_47_41_814991,547.194312 total sec (00h 09m 07s)
Linux,nixos,6.1.57,#1-NixOS SMP PREEMPT_DYNAMIC Tue Oct 10 20:00:46 UTC 2023,x86_64,,14,20,67171385344,36390645760,2023_10_18_09_38_03_148871,94,first-gcn-pipeline,16,128,64,30,0.5,1.5,5,4,6,1,151.86666666666667,0.9934583515045792,1.0,0.9967184423539707,4556.0,0.0,0.0,0.0,30.0,0,4556,0,30,0.5,2023_10_18_09_48_08_152927,605.004056 total sec (00h 10m 05s)
Linux,nixos,6.1.57,#1-NixOS SMP PREEMPT_DYNAMIC Tue Oct 10 20:00:46 UTC 2023,x86_64,,14,20,67171385344,36403884032,2023_10_18_09_46_47_786630,97,first-gcn-pipeline,16,128,64,30,1.0,0.5,10,4,6,1,151.86666666666667,0.9934583515045792,1.0,0.9967184423539707,4556.0,0.0,0.0,0.0,30.0,0,4556,0,30,0.5,2023_10_18_09_56_05_813506,558.026876 total sec (00h 09m 18s)
Linux,nixos,6.1.57,#1-NixOS SMP PREEMPT_DYNAMIC Tue Oct 10 20:00:46 UTC 2023,x86_64,,14,20,67171385344,36397457408,2023_10_18_09_46_14_257495,96,first-gcn-pipeline,16,128,64,30,1.0,0.5,5,4,6,1,151.86666666666667,0.9934583515045792,1.0,0.9967184423539707,4556.0,0.0,0.0,0.0,30.0,0,4556,0,30,0.5,2023_10_18_09_56_24_945273,610.687778 total sec (00h 10m 10s)
Linux,nixos,6.1.57,#1-NixOS SMP PREEMPT_DYNAMIC Tue Oct 10 20:00:46 UTC 2023,x86_64,,14,20,67171385344,36417847296,2023_10_18_09_47_18_850255,99,first-gcn-pipeline,16,128,64,30,1.0,1.0,10,4,6,1,151.86666666666667,0.9934583515045792,1.0,0.9967184423539707,4556.0,0.0,0.0,0.0,30.0,0,4556,0,30,0.5,2023_10_18_09_56_42_883569,564.033314 total sec (00h 09m 24s)
Linux,nixos,6.1.57,#1-NixOS SMP PREEMPT_DYNAMIC Tue Oct 10 20:00:46 UTC 2023,x86_64,,14,20,67171385344,36424687616,2023_10_18_09_46_50_235658,98,first-gcn-pipeline,16,128,64,30,1.0,1.0,5,4,6,1,151.86666666666667,0.9934583515045792,1.0,0.9967184423539707,4556.0,0.0,0.0,0.0,30.0,0,4556,0,30,0.5,2023_10_18_09_57_03_150183,612.914525 total sec (00h 10m 12s)
Linux,nixos,6.1.57,#1-NixOS SMP PREEMPT_DYNAMIC Tue Oct 10 20:00:46 UTC 2023,x86_64,,14,20,67171385344,36384112640,2023_10_18_09_48_08_155703,101,first-gcn-pipeline,16,128,64,30,1.0,1.5,10,4,6,1,151.86666666666667,0.9934583515045792,1.0,0.9967184423539707,4556.0,0.0,0.0,0.0,30.0,0,4556,0,30,0.5,2023_10_18_09_57_30_307303,562.1516 total sec (00h 09m 22s)
Linux,nixos,6.1.57,#1-NixOS SMP PREEMPT_DYNAMIC Tue Oct 10 20:00:46 UTC 2023,x86_64,,14,20,67171385344,36402294784,2023_10_18_09_47_41_817683,100,first-gcn-pipeline,16,128,64,30,1.0,1.5,5,4,6,1,151.86666666666667,0.9934583515045792,1.0,0.9967184423539707,4556.0,0.0,0.0,0.0,30.0,0,4556,0,30,0.5,2023_10_18_09_57_55_614055,613.796372 total sec (00h 10m 13s)
Linux,nixos,6.1.57,#1-NixOS SMP PREEMPT_DYNAMIC Tue Oct 10 20:00:46 UTC 2023,x86_64,,14,20,67171385344,36380852224,2023_10_18_09_56_24_947380,103,first-gcn-pipeline,16,128,64,30,1.5,0.5,10,4,6,1,151.86666666666667,0.9934583515045792,1.0,0.9967184423539707,4556.0,0.0,0.0,0.0,30.0,0,4556,0,30,0.5,2023_10_18_10_05_48_983770,564.03639 total sec (00h 09m 24s)
Linux,nixos,6.1.57,#1-NixOS SMP PREEMPT_DYNAMIC Tue Oct 10 20:00:46 UTC 2023,x86_64,,14,20,67171385344,36384612352,2023_10_18_09_57_03_152938,105,first-gcn-pipeline,16,128,64,30,1.5,1.0,10,4,6,1,151.86666666666667,0.9934583515045792,1.0,0.9967184423539707,4556.0,0.0,0.0,0.0,30.0,0,4556,0,30,0.5,2023_10_18_10_06_21_467920,558.314982 total sec (00h 09m 18s)
Linux,nixos,6.1.57,#1-NixOS SMP PREEMPT_DYNAMIC Tue Oct 10 20:00:46 UTC 2023,x86_64,,14,20,67171385344,36394651648,2023_10_18_09_56_05_816079,102,first-gcn-pipeline,16,128,64,30,1.5,0.5,5,4,6,1,151.86666666666667,0.9934583515045792,1.0,0.9967184423539707,4556.0,0.0,0.0,0.0,30.0,0,4556,0,30,0.5,2023_10_18_10_06_23_258156,617.442077 total sec (00h 10m 17s)
Linux,nixos,6.1.57,#1-NixOS SMP PREEMPT_DYNAMIC Tue Oct 10 20:00:46 UTC 2023,x86_64,,14,20,67171385344,36387549184,2023_10_18_09_56_42_886708,104,first-gcn-pipeline,16,128,64,30,1.5,1.0,5,4,6,1,151.86666666666667,0.9934583515045792,1.0,0.9967184423539707,4556.0,0.0,0.0,0.0,30.0,0,4556,0,30,0.5,2023_10_18_10_06_39_828939,596.942231 total sec (00h 09m 56s)
Linux,nixos,6.1.57,#1-NixOS SMP PREEMPT_DYNAMIC Tue Oct 10 20:00:46 UTC 2023,x86_64,,14,20,67171385344,36395044864,2023_10_18_09_57_55_616945,107,first-gcn-pipeline,16,128,64,30,1.5,1.5,10,4,6,1,151.86666666666667,0.9934583515045792,1.0,0.9967184423539707,4556.0,0.0,0.0,0.0,30.0,0,4556,0,30,0.5,2023_10_18_10_06_51_731688,536.114743 total sec (00h 08m 56s)
Linux,nixos,6.1.57,#1-NixOS SMP PREEMPT_DYNAMIC Tue Oct 10 20:00:46 UTC 2023,x86_64,,14,20,67171385344,36414205952,2023_10_18_09_57_30_310491,106,first-gcn-pipeline,16,128,64,30,1.5,1.5,5,4,6,1,151.86666666666667,0.9934583515045792,1.0,0.9967184423539707,4556.0,0.0,0.0,0.0,30.0,0,4556,0,30,0.5,2023_10_18_10_06_55_199039,564.888548 total sec (00h 09m 24s)
Linux,nixos,6.1.57,#1-NixOS SMP PREEMPT_DYNAMIC Tue Oct 10 20:00:46 UTC 2023,x86_64,,14,20,67171385344,40903081984,2023_10_18_10_40_08_578330,4,first-gcn-pipeline,16,128,16,50,1.0,1.0,10,4,6,5,151.86666666666667,0.9934583515045792,1.0,0.9967184423539707,4556.0,0.0,0.0,0.0,30.0,0,4556,0,30,0.5,2023_10_18_10_47_26_622237,438.043907 total sec (00h 07m 18s)
Linux,nixos,6.1.57,#1-NixOS SMP PREEMPT_DYNAMIC Tue Oct 10 20:00:46 UTC 2023,x86_64,,14,20,67171385344,40904114176,2023_10_18_10_40_08_577836,5,first-gcn-pipeline,16,128,16,50,1.0,1.5,10,4,6,5,151.86666666666667,0.9934583515045792,1.0,0.9967184423539707,4556.0,0.0,0.0,0.0,30.0,0,4556,0,30,0.5,2023_10_18_10_47_27_815527,439.237691 total sec (00h 07m 19s)
Linux,nixos,6.1.57,#1-NixOS SMP PREEMPT_DYNAMIC Tue Oct 10 20:00:46 UTC 2023,x86_64,,14,20,67171385344,40904114176,2023_10_18_10_40_08_577712,3,first-gcn-pipeline,16,128,16,50,1.0,0.5,10,4,6,5,151.86666666666667,0.9934583515045792,1.0,0.9967184423539707,4556.0,0.0,0.0,0.0,30.0,0,4556,0,30,0.5,2023_10_18_10_47_29_758260,441.180548 total sec (00h 07m 21s)
Linux,nixos,6.1.57,#1-NixOS SMP PREEMPT_DYNAMIC Tue Oct 10 20:00:46 UTC 2023,x86_64,,14,20,67171385344,40904114176,2023_10_18_10_40_08_577647,0,first-gcn-pipeline,16,128,16,50,0.5,0.5,10,4,6,5,151.86666666666667,0.9934583515045792,1.0,0.9967184423539707,4556.0,0.0,0.0,0.0,30.0,0,4556,0,30,0.5,2023_10_18_10_47_30_009222,441.431575 total sec (00h 07m 21s)
Linux,nixos,6.1.57,#1-NixOS SMP PREEMPT_DYNAMIC Tue Oct 10 20:00:46 UTC 2023,x86_64,,14,20,67171385344,40904114176,2023_10_18_10_40_08_577653,1,first-gcn-pipeline,16,128,16,50,0.5,1.0,10,4,6,5,151.86666666666667,0.9934583515045792,1.0,0.9967184423539707,4556.0,0.0,0.0,0.0,30.0,0,4556,0,30,0.5,2023_10_18_10_47_31_549612,442.971959 total sec (00h 07m 22s)
Linux,nixos,6.1.57,#1-NixOS SMP PREEMPT_DYNAMIC Tue Oct 10 20:00:46 UTC 2023,x86_64,,14,20,67171385344,40904114176,2023_10_18_10_40_08_577470,2,first-gcn-pipeline,16,128,16,50,0.5,1.5,10,4,6,5,151.86666666666667,0.9934583515045792,1.0,0.9967184423539707,4556.0,0.0,0.0,0.0,30.0,0,4556,0,30,0.5,2023_10_18_10_47_36_532187,447.954717 total sec (00h 07m 27s)
Linux,nixos,6.1.57,#1-NixOS SMP PREEMPT_DYNAMIC Tue Oct 10 20:00:46 UTC 2023,x86_64,,14,20,67171385344,36844773376,2023_10_18_10_47_26_627088,6,first-gcn-pipeline,16,128,16,50,1.5,0.5,10,4,6,5,151.86666666666667,0.9934583515045792,1.0,0.9967184423539707,4556.0,0.0,0.0,0.0,30.0,0,4556,0,30,0.5,2023_10_18_10_54_45_706899,439.079811 total sec (00h 07m 19s)
Linux,nixos,6.1.57,#1-NixOS SMP PREEMPT_DYNAMIC Tue Oct 10 20:00:46 UTC 2023,x86_64,,14,20,67171385344,36913438720,2023_10_18_10_47_27_820211,7,first-gcn-pipeline,16,128,16,50,1.5,1.0,10,4,6,5,151.86666666666667,0.9934583515045792,1.0,0.9967184423539707,4556.0,0.0,0.0,0.0,30.0,0,4556,0,30,0.5,2023_10_18_10_54_50_192550,442.372339 total sec (00h 07m 22s)
Linux,nixos,6.1.57,#1-NixOS SMP PREEMPT_DYNAMIC Tue Oct 10 20:00:46 UTC 2023,x86_64,,14,20,67171385344,36802945024,2023_10_18_10_47_29_763896,8,first-gcn-pipeline,16,128,16,50,1.5,1.5,10,4,6,5,151.86666666666667,0.9934583515045792,1.0,0.9967184423539707,4556.0,0.0,0.0,0.0,30.0,0,4556,0,30,0.5,2023_10_18_10_54_53_239739,443.475843 total sec (00h 07m 23s)
Linux,nixos,6.1.57,#1-NixOS SMP PREEMPT_DYNAMIC Tue Oct 10 20:00:46 UTC 2023,x86_64,,14,20,67171385344,36803784704,2023_10_18_10_47_30_013791,9,first-gcn-pipeline,16,128,16,100,0.5,0.5,10,4,6,5,151.86666666666667,0.9934583515045792,1.0,0.9967184423539707,4556.0,0.0,0.0,0.0,30.0,0,4556,0,30,0.5,2023_10_18_11_01_55_288677,865.274886 total sec (00h 14m 25s)
Linux,nixos,6.1.57,#1-NixOS SMP PREEMPT_DYNAMIC Tue Oct 10 20:00:46 UTC 2023,x86_64,,14,20,67171385344,36696403968,2023_10_18_10_47_31_554063,10,first-gcn-pipeline,16,128,16,100,0.5,1.0,10,4,6,5,151.86666666666667,0.9934583515045792,1.0,0.9967184423539707,4556.0,0.0,0.0,0.0,30.0,0,4556,0,30,0.5,2023_10_18_11_02_07_584179,876.030116 total sec (00h 14m 36s)
Linux,nixos,6.1.57,#1-NixOS SMP PREEMPT_DYNAMIC Tue Oct 10 20:00:46 UTC 2023,x86_64,,14,20,67171385344,36800106496,2023_10_18_10_47_36_536962,11,first-gcn-pipeline,16,128,16,100,0.5,1.5,10,4,6,5,151.86666666666667,0.9934583515045792,1.0,0.9967184423539707,4556.0,0.0,0.0,0.0,30.0,0,4556,0,30,0.5,2023_10_18_11_02_17_153395,880.616433 total sec (00h 14m 40s)
Linux,nixos,6.1.57,#1-NixOS SMP PREEMPT_DYNAMIC Tue Oct 10 20:00:46 UTC 2023,x86_64,,14,20,67171385344,36596609024,2023_10_18_10_54_45_709879,12,first-gcn-pipeline,16,128,16,100,1.0,0.5,10,4,6,5,151.86666666666667,0.9934583515045792,1.0,0.9967184423539707,4556.0,0.0,0.0,0.0,30.0,0,4556,0,30,0.5,2023_10_18_11_09_09_649235,863.939356 total sec (00h 14m 23s)
Linux,nixos,6.1.57,#1-NixOS SMP PREEMPT_DYNAMIC Tue Oct 10 20:00:46 UTC 2023,x86_64,,14,20,67171385344,36760760320,2023_10_18_10_54_50_194754,13,first-gcn-pipeline,16,128,16,100,1.0,1.0,10,4,6,5,151.86666666666667,0.9934583515045792,1.0,0.9967184423539707,4556.0,0.0,0.0,0.0,30.0,0,4556,0,30,0.5,2023_10_18_11_09_19_661880,869.467126 total sec (00h 14m 29s)
Linux,nixos,6.1.57,#1-NixOS SMP PREEMPT_DYNAMIC Tue Oct 10 20:00:46 UTC 2023,x86_64,,14,20,67171385344,36781801472,2023_10_18_10_54_53_241719,14,first-gcn-pipeline,16,128,16,100,1.0,1.5,10,4,6,5,151.86666666666667,0.9934583515045792,1.0,0.9967184423539707,4556.0,0.0,0.0,0.0,30.0,0,4556,0,30,0.5,2023_10_18_11_09_27_337891,874.096172 total sec (00h 14m 34s)
Linux,nixos,6.1.57,#1-NixOS SMP PREEMPT_DYNAMIC Tue Oct 10 20:00:46 UTC 2023,x86_64,,14,20,67171385344,36692729856,2023_10_18_11_01_55_290767,15,first-gcn-pipeline,16,128,16,100,1.5,0.5,10,4,6,5,151.86666666666667,0.9934583515045792,1.0,0.9967184423539707,4556.0,0.0,0.0,0.0,30.0,0,4556,0,30,0.5,2023_10_18_11_14_00_103904,724.813137 total sec (00h 12m 04s)
Linux,nixos,6.1.57,#1-NixOS SMP PREEMPT_DYNAMIC Tue Oct 10 20:00:46 UTC 2023,x86_64,,14,20,67171385344,36602953728,2023_10_18_11_02_07_586934,16,first-gcn-pipeline,16,128,16,100,1.5,1.0,10,4,6,5,151.86666666666667,0.9934583515045792,1.0,0.9967184423539707,4556.0,0.0,0.0,0.0,30.0,0,4556,0,30,0.5,2023_10_18_11_14_11_918423,724.331489 total sec (00h 12m 04s)
Linux,nixos,6.1.57,#1-NixOS SMP PREEMPT_DYNAMIC Tue Oct 10 20:00:46 UTC 2023,x86_64,,14,20,67171385344,36725002240,2023_10_18_11_02_17_155409,17,first-gcn-pipeline,16,128,16,100,1.5,1.5,10,4,6,5,151.86666666666667,0.9934583515045792,1.0,0.9967184423539707,4556.0,0.0,0.0,0.0,30.0,0,4556,0,30,0.5,2023_10_18_11_14_15_444887,718.289478 total sec (00h 11m 58s)
Linux,nixos,6.1.57,#1-NixOS SMP PREEMPT_DYNAMIC Tue Oct 10 20:00:46 UTC 2023,x86_64,,14,20,67171385344,40893456384,2023_10_18_11_23_03_289310,3,first-gcn-pipeline,32,128,16,50,1.0,0.5,10,8,6,5,226.6,0.9968891193244945,0.9899235069137982,0.9933941026681921,13596.0,0.11612903225806452,0.3,0.16744186046511628,60.0,18,13459,137,42,0.6449617534568991,2023_10_18_11_40_30_322101,1047.032791 total sec (00h 17m 27s)
Linux,nixos,6.1.57,#1-NixOS SMP PREEMPT_DYNAMIC Tue Oct 10 20:00:46 UTC 2023,x86_64,,14,20,67171385344,40894488576,2023_10_18_11_23_03_288936,0,first-gcn-pipeline,32,128,16,50,0.5,0.5,10,8,6,5,226.6,0.9990781286010602,0.956531332744925,0.977341900574907,13596.0,0.07511737089201878,0.8,0.13733905579399142,60.0,48,13005,591,12,0.8782656663724625,2023_10_18_11_40_37_937358,1054.648422 total sec (00h 17m 34s)
Linux,nixos,6.1.57,#1-NixOS SMP PREEMPT_DYNAMIC Tue Oct 10 20:00:46 UTC 2023,x86_64,,14,20,67171385344,40892940288,2023_10_18_11_23_03_289974,4,first-gcn-pipeline,32,128,16,50,1.0,1.0,10,8,6,5,226.6,0.9993215739484396,0.9750661959399823,0.9870448961358051,13596.0,0.13076923076923078,0.85,0.22666666666666668,60.0,51,13257,339,9,0.9125330979699913,2023_10_18_11_40_38_806027,1055.516053 total sec (00h 17m 35s)
Linux,nixos,6.1.57,#1-NixOS SMP PREEMPT_DYNAMIC Tue Oct 10 20:00:46 UTC 2023,x86_64,,14,20,67171385344,40891908096,2023_10_18_11_23_03_290313,5,first-gcn-pipeline,32,128,16,50,1.0,1.5,10,8,6,5,226.6,0.9993136058572301,0.9637393350985584,0.9812041335929309,13596.0,0.09375,0.85,0.16887417218543047,60.0,51,13103,493,9,0.9068696675492792,2023_10_18_11_40_41_169414,1057.879101 total sec (00h 17m 37s)
Linux,nixos,6.1.57,#1-NixOS SMP PREEMPT_DYNAMIC Tue Oct 10 20:00:46 UTC 2023,x86_64,,14,20,67171385344,40894488576,2023_10_18_11_23_03_288936,1,first-gcn-pipeline,32,128,16,50,0.5,1.0,10,8,6,5,226.6,0.9998474214220323,0.9639599882318329,0.9815757938885561,13596.0,0.10583941605839416,0.9666666666666667,0.19078947368421054,60.0,58,13106,490,2,0.9653133274492499,2023_10_18_11_40_44_039917,1060.750981 total sec (00h 17m 40s)
Linux,nixos,6.1.57,#1-NixOS SMP PREEMPT_DYNAMIC Tue Oct 10 20:00:46 UTC 2023,x86_64,,14,20,67171385344,40892940288,2023_10_18_11_23_03_289527,2,first-gcn-pipeline,32,128,16,50,0.5,1.5,10,8,6,5,226.6,0.9985584218512898,0.9680052956751986,0.9830445174783389,13596.0,0.0861344537815126,0.6833333333333333,0.15298507462686567,60.0,41,13161,435,19,0.825669314504266,2023_10_18_11_40_46_482298,1063.192771 total sec (00h 17m 43s)
Linux,nixos,6.1.57,#1-NixOS SMP PREEMPT_DYNAMIC Tue Oct 10 20:00:46 UTC 2023,x86_64,,14,20,67171385344,36525080576,2023_10_18_11_40_30_326515,6,first-gcn-pipeline,32,128,16,50,1.5,0.5,10,8,6,5,226.6,0.9973874748077928,0.9827890556045896,0.9900344533768014,13596.0,0.09652509652509653,0.4166666666666667,0.15673981191222572,60.0,25,13362,234,35,0.6997278611356282,2023_10_18_11_57_51_182589,1040.856074 total sec (00h 17m 20s)
Linux,nixos,6.1.57,#1-NixOS SMP PREEMPT_DYNAMIC Tue Oct 10 20:00:46 UTC 2023,x86_64,,14,20,67171385344,36498886656,2023_10_18_11_40_37_941720,7,first-gcn-pipeline,32,128,16,50,1.5,1.0,10,8,6,5,226.6,0.9956063268892794,1.0,0.9977983267283135,13596.0,0.0,0.0,0.0,60.0,0,13596,0,60,0.5,2023_10_18_11_58_10_610429,1052.668709 total sec (00h 17m 32s)
Linux,nixos,6.1.57,#1-NixOS SMP PREEMPT_DYNAMIC Tue Oct 10 20:00:46 UTC 2023,x86_64,,14,20,67171385344,36456189952,2023_10_18_11_40_38_810874,8,first-gcn-pipeline,32,128,16,50,1.5,1.5,10,8,6,5,226.6,0.9993057698241283,0.9528537805236834,0.9755271084337349,13596.0,0.07369942196531792,0.85,0.13563829787234044,60.0,51,12955,641,9,0.9014268902618418,2023_10_18_11_58_11_164716,1052.353842 total sec (00h 17m 32s)
Linux,nixos,6.1.57,#1-NixOS SMP PREEMPT_DYNAMIC Tue Oct 10 20:00:46 UTC 2023,x86_64,,14,20,67171385344,36416913408,2023_10_18_11_40_41_174021,9,first-gcn-pipeline,32,128,16,100,0.5,0.5,10,8,6,5,226.6,0.9997694258704174,0.9567519858781994,0.977787800202954,13596.0,0.08837209302325581,0.95,0.16170212765957445,60.0,57,13008,588,3,0.9533759929390997,2023_10_18_12_15_58_992360,2117.818339 total sec (00h 35m 17s)
Linux,nixos,6.1.57,#1-NixOS SMP PREEMPT_DYNAMIC Tue Oct 10 20:00:46 UTC 2023,x86_64,,14,20,67171385344,36386394112,2023_10_18_11_40_44_044366,10,first-gcn-pipeline,32,128,16,100,0.5,1.0,10,8,6,5,226.6,0.9980661956117516,0.986981465136805,0.9924928811804298,13596.0,0.16113744075829384,0.5666666666666667,0.25092250922509224,60.0,34,13419,177,26,0.7768240659017358,2023_10_18_12_16_20_405538,2136.361172 total sec (00h 35m 36s)
Linux,nixos,6.1.57,#1-NixOS SMP PREEMPT_DYNAMIC Tue Oct 10 20:00:46 UTC 2023,x86_64,,14,20,67171385344,36335964160,2023_10_18_11_40_46_487163,11,first-gcn-pipeline,32,128,16,100,0.5,1.5,10,8,6,5,226.6,0.9995376078914919,0.953957046190056,0.9762155652566612,13596.0,0.07941176470588235,0.9,0.14594594594594593,60.0,54,12970,626,6,0.9269785230950279,2023_10_18_12_16_32_445378,2145.958215 total sec (00h 35m 45s)
Linux,nixos,6.1.57,#1-NixOS SMP PREEMPT_DYNAMIC Tue Oct 10 20:00:46 UTC 2023,x86_64,,14,20,67171385344,36196917248,2023_10_18_11_57_51_184520,12,first-gcn-pipeline,32,128,16,100,1.0,0.5,10,8,6,5,226.6,0.9956063268892794,1.0,0.9977983267283135,13596.0,0.0,0.0,0.0,60.0,0,13596,0,60,0.5,2023_10_18_12_33_37_348283,2146.163763 total sec (00h 35m 46s)
Linux,nixos,6.1.57,#1-NixOS SMP PREEMPT_DYNAMIC Tue Oct 10 20:00:46 UTC 2023,x86_64,,14,20,67171385344,36048584704,2023_10_18_11_58_10_612953,13,first-gcn-pipeline,32,128,16,100,1.0,1.0,10,8,6,5,226.6,0.9956063268892794,1.0,0.9977983267283135,13596.0,0.0,0.0,0.0,60.0,0,13596,0,60,0.5,2023_10_18_12_34_14_821862,2164.208909 total sec (00h 36m 04s)
Linux,nixos,6.1.57,#1-NixOS SMP PREEMPT_DYNAMIC Tue Oct 10 20:00:46 UTC 2023,x86_64,,14,20,67171385344,36030218240,2023_10_18_11_58_11_166842,14,first-gcn-pipeline,32,128,16,100,1.0,1.5,10,8,6,5,226.6,0.9982125567885604,0.9858046484260077,0.9919698035007215,13596.0,0.1572052401746725,0.6,0.24913494809688583,60.0,36,13403,193,24,0.7929023242130039,2023_10_18_12_34_16_188176,2165.021334 total sec (00h 36m 05s)
Linux,nixos,6.1.57,#1-NixOS SMP PREEMPT_DYNAMIC Tue Oct 10 20:00:46 UTC 2023,x86_64,,14,20,67171385344,38212489216,2023_10_18_12_15_58_994461,15,first-gcn-pipeline,32,128,16,100,1.5,0.5,10,8,6,5,226.6,0.9956063268892794,1.0,0.9977983267283135,13596.0,0.0,0.0,0.0,60.0,0,13596,0,60,0.5,2023_10_18_12_45_37_969528,1778.975067 total sec (00h 29m 38s)
Linux,nixos,6.1.57,#1-NixOS SMP PREEMPT_DYNAMIC Tue Oct 10 20:00:46 UTC 2023,x86_64,,14,20,67171385344,38007128064,2023_10_18_12_16_20_407789,16,first-gcn-pipeline,32,128,16,100,1.5,1.0,10,8,6,5,226.6,0.9956063268892794,1.0,0.9977983267283135,13596.0,0.0,0.0,0.0,60.0,0,13596,0,60,0.5,2023_10_18_12_45_51_935778,1771.527989 total sec (00h 29m 31s)
Linux,nixos,6.1.57,#1-NixOS SMP PREEMPT_DYNAMIC Tue Oct 10 20:00:46 UTC 2023,x86_64,,14,20,67171385344,38007611392,2023_10_18_12_16_32_447616,17,first-gcn-pipeline,32,128,16,100,1.5,1.5,10,8,6,5,226.6,0.9956063268892794,1.0,0.9977983267283135,13596.0,0.0,0.0,0.0,60.0,0,13596,0,60,0.5,2023_10_18_12_45_59_340000,1766.892384 total sec (00h 29m 26s)
